Afghanistan,Belarus,2018,,4,,Mi-24V/Mi-35,combat helicopter,4,,2019,Second hand,Second-hand; financed by India,3.4,13.6,13.6
Afghanistan,Bosnia-Herzegovina,2009,,60,,D-30 122mm,towed gun,60,?,2011,Second hand but modernized,Second-hand but modernized before delivery,0.23,13.86,13.86
Afghanistan,Bosnia-Herzegovina,2012,?,20,?,D-30 122mm,towed gun,20,,2013,Second hand,Second-hand,0.14,2.8,2.8
Afghanistan,Brazil,2013,,20,,EMB-314 Super Tucano,trainer/combat aircraft,20,?,2016,New,$427 m 'LAS' deal (financed by USA); A-29B version; ordered via USA from US production line,4.5,90,90
Afghanistan,Brazil,2017,,6,,EMB-314 Super Tucano,trainer/combat aircraft,6,?,2018,New,A-29B version; financed by USA; ordered via USA from US production line,4.5,27,27
Algeria,Belarus,1998,?,25,?,MiG-29S,FGA aircraft,25,,1999; 2000; 2001; 2002,Second hand,Second-hand; part of deal incl 6 MiG-29UB trainer version delivered from Russia via Belarus,11.4,285,285
Algeria,Belarus,1997,?,2,?,Su-24,bomber aircraft,2,,1997,Second hand,Second-hand; Su-24MR reconnaissance version,14,28,28
Angola,Belarus,2017,?,54,?,2S1 122mm,self-propelled gun,54,,2017; 2018,Second hand,Second-hand,0.36,19.44,19.44
Angola,Belarus,2017,?,12,?,2S3 152mm,self-propelled gun,12,,2017; 2018,Second hand,Second-hand,0.4,4.8,4.8
Angola,Belarus,1999,?,12,,2S7 Pion 203mm,self-propelled gun,12,,1999,Second hand,Second-hand,0.44,5.28,5.28
Angola,Belarus,2014,?,22,?,2S7 Pion 203mm,self-propelled gun,22,,2015,Second hand,Second-hand,0.44,9.68,9.68
Angola,Belarus,1999,?,24,,BM-21 Grad 122mm,self-propelled MRL,24,,1999,Second hand,Second-hand,0.24,5.76,5.76
Angola,Belarus,2017,?,12,?,BM-21 Grad 122mm,self-propelled MRL,12,,2017; 2018,Second hand,Second-hand,0.24,2.88,2.88
Angola,Belarus,2017,,4,,BM-22/9P140 Uragan,self-propelled MRL,4,,2018,Second hand,Second-hand,0.44,1.76,1.76
Angola,Belarus,1993,?,21,,BMP-1,IFV,21,,1993,Second hand,Second-hand; sold via Bulgarian company,0.36,7.56,7.56
Angola,Belarus,1999,?,62,,BMP-2,IFV,62,,1999,Second hand,Second-hand,0.36,22.32,22.32
Angola,Belarus,2015,?,18,,D-20 152mm,towed gun,18,,2016,Second hand,Second-hand,0.2,3.6,3.6
Angola,Belarus,1999,?,12,,D-30 122mm,towed gun,12,,1999,Second hand,Second-hand,0.14,1.68,1.68
Angola,Belarus,2020,?,3,?,Il-76M,heavy transport aircraft,1,?,2022,Second hand,Second-hand; Il-76TD version,34,102,34
Angola,Belarus,2021,?,5,?,Kaiman,APV,5,?,2022,New,,0.16,0.8,0.8
Angola,Belarus,1999,?,7,?,MiG-23ML,fighter aircraft,7,?,1999,Second hand,Second-hand; MiG-23MLD and MiG-23UB versions,6.4,44.8,44.8
Angola,Belarus,1999,?,7,?,Su-22,FGA aircraft,7,?,1999,Second hand,Second-hand; incl some Su-22U version,5.2,36.4,36.4
Angola,Belarus,1997,,1,?,Su-24,bomber aircraft,1,?,2000,Second hand,Second-hand; Su-24M version,14,14,14
Angola,Belarus,1999,?,2,?,Su-27S,FGA aircraft,2,?,2000,Second hand,Probably second-hand; supplier could be Ukraine,17,34,34
Angola,Belarus,1999,?,62,,T-55AM-2,tank,62,,1999,Second hand,Second-hand,0.6,37.2,37.2
Angola,Belarus,1999,?,22,,T-72M1,tank,22,,1999,Second hand,Second-hand,1.04,22.88,22.88
Angola,Brazil,1986,,2,,EMB-111,maritime patrol aircraft,2,?,1988,New,,5.5,11,11
Angola,Brazil,2006,?,1,?,EMB-120 Brasilia,transport aircraft,1,?,2007,New,EMB-120ER version; for VIP transport,6.25,6.25,6.25
Angola,Brazil,1998,,8,,EMB-312 Tucano,trainer aircraft,8,?,1998,New,,1.9,15.2,15.2
Angola,Brazil,2011,,6,,EMB-314 Super Tucano,trainer/combat aircraft,6,?,2013,New,,4.5,27,27
Angola,Bulgaria,2018,?,9,?,2S1 122mm,self-propelled gun,9,,2019,Second hand,Second-hand,0.36,3.24,3.24
Angola,Bulgaria,1999,?,4,,2S3 152mm,self-propelled gun,4,,1999,Second hand,Second-hand; probably sold via Slovakia,0.4,1.6,1.6
Angola,Bulgaria,2017,?,20,?,BM-21 Grad 122mm,self-propelled MRL,20,,2017; 2019,Second hand,Second-hand,0.24,4.8,4.8
Angola,Bulgaria,1993,,29,,BMP-1,IFV,29,,1993,Second hand,Second-hand; 21 more ex-Belarussian delivered via Bulgarian company,0.36,10.44,10.44
Angola,Bulgaria,2017,?,5,?,BTS,ARV,5,,2017; 2019,Second hand,Second-hand,0.4,2,2
Angola,Bulgaria,1999,?,4,,D-20 152mm,towed gun,4,,1999,Second hand,Second-hand; probably sold via Slovakia,0.2,0.8,0.8
Angola,Bulgaria,2014,?,18,?,D-20 152mm,towed gun,18,,2015,Second hand,Second-hand,0.2,3.6,3.6
Angola,Bulgaria,2015,?,27,?,D-30 122mm,towed gun,27,,2015; 2017,Second hand,Second-hand; possibly from Slovakia sold via Bulgaria; designation uncertain (reported as '122mm howitzer'),0.14,3.78,3.78
Angola,Bulgaria,1999,?,24,,M-46 130mm,towed gun,24,,1999,Second hand,Second-hand,0.26,6.24,6.24
Angola,Bulgaria,2014,?,31,?,MT-LB,APC,31,,2014; 2015,New,Possibly second-hand,0.25,7.75,7.75
Angola,Bulgaria,1999,?,31,,T-55,tank,31,,1999,Second hand,Second-hand,0.5,15.5,15.5
Angola,Bulgaria,1993,?,24,,T-62,tank,24,,1993,Second hand,Second-hand,0.72,17.28,17.28
Argentina,Belgium,1980,,5,,BDX,APC,5,,1980,New,For police; incl 1 CP version,0.18,0.9,0.9
Argentina,Brazil,1981,?,1,,AS-350/AS-550 Fennec,light helicopter,1,,1982,New,Status uncertain,0.9,0.9,0.9
Argentina,Brazil,2007,,1,,Bell-212/UH-1N,helicopter,1,,2007,Second hand,Second-hand,1.48,1.48,1.48
Argentina,Brazil,1960,?,12,,C-47 Skytrain,transport aircraft,12,?,1961,Second hand,Second-hand,1,12,12
Argentina,Brazil,1982,,3,,EMB-111,maritime patrol aircraft,3,,1982,Second hand,Second-hand; loan,3,9,9
Argentina,Brazil,1987,,30,,EMB-312 Tucano,trainer aircraft,30,,1987; 1988,New,$50 m deal (offsets incl Brazilian orders for high-tech products); incl 15 second-hand (but not much used),1.9,57,57
Argentina,Brazil,1982,,11,?,MB-326GB,trainer/combat aircraft,11,?,1983,Second hand,Second-hand; EMB-326 Xavante version; no. could be 12,1.1,12.1,12.1
Argentina,Bulgaria,1983,,50,?,Strela-2,portable SAM,50,?,1983,New,,0.04,2,2
Armenia,Belarus,2006,?,10,,D-30 122mm,towed gun,10,?,2007,Second hand,Second-hand,0.14,1.4,1.4
Austria,Belgium,2015,,7,,Pandur-2,APC,7,,2015,Second hand,Second-hand; incl 1 ambulance version,0.14,0.98,0.98
Austria,Brazil,2023,?,4,?,C-390 Millennium,transport aircraft,0,,,New,EUR600 m deal; bought in cooperation with Netherlands; delivery planned from 2026/2027; selected 2023 but not yet ordered by end-2023,54,216,0
Azerbaijan,Belarus,2016,?,26,,2A36 Giatsint-B 152mm,towed gun,26,,2017,Second hand,Second-hand,0.4,10.4,10.4
Azerbaijan,Belarus,2008,?,3,?,2S7 Pion 203mm,self-propelled gun,3,,2008,Second hand,Second-hand,0.44,1.32,1.32
Azerbaijan,Belarus,2009,,9,?,2S7 Pion 203mm,self-propelled gun,9,,2009,Second hand,Second-hand,0.44,3.96,3.96
Azerbaijan,Belarus,2017,?,300,?,A200,guided rocket,300,?,2018,New,For Polonez MRL,0.1,30,30
Azerbaijan,Belarus,2012,,2,?,Buk-1M,SAM system,2,,2013; 2014,Second hand but modernized,Second-hand but modernized before delivery to Buk-MB version,33,66,66
Azerbaijan,Belarus,2009,?,30,?,D-30 122mm,towed gun,30,,2010,Second hand,Second-hand,0.14,4.2,4.2
Azerbaijan,Belarus,2017,?,6,?,Polonez,self-propelled MRL,6,,2018,New,,1.2,7.2,7.2
Azerbaijan,Belarus,2009,?,11,?,Su-25,ground attack aircraft,11,,2009; 2010; 2011; 2012,Second hand,Second-hand,4.6,50.6,50.6
Azerbaijan,Belarus,2004,?,60,?,T-72M1,tank,60,,2005; 2006,Second hand,Second-hand,1.04,62.4,62.4
Azerbaijan,Belarus,2010,?,93,?,T-72M1,tank,93,?,2011; 2012,Second hand,Second-hand,1.04,96.72,96.72
Azerbaijan,Bulgaria,2002,?,36,?,M-46 130mm,towed gun,36,,2002,Second hand,Second-hand,0.26,9.36,9.36
Bahrain,Belgium,2007,?,42,,AIFV,IFV,42,,2008,Second hand,Second-hand,0.36,15.12,15.12
Bahrain,Belgium,2007,?,8,?,AIFV-APC,APC,8,,2008,Second hand,Second-hand,0.12,0.96,0.96
Bahrain,Belgium,2014,?,45,,AIFV-APC,APC,45,?,2015; 2016,Second hand,Second-hand; designation uncertain (reported as 'armoured combat vehicles' and 'M-113 Family of Vehicles'),0.12,5.4,5.4
Benin,Belgium,2007,,4,,A-109,light helicopter,4,,2007; 2009,Second hand,Second-hand; part of EUR2.7 m deal; 1 more delivered for spare parts only,0.48,1.92,1.92
Benin,Belgium,2002,,2,,HS-748,transport aircraft,2,,2002,Second hand,Second-hand (1 more delivered for spare parts),3.4,6.8,6.8
Benin,Belgium,2007,,18,,M-113,APC,18,?,2007,Second hand,Second-hand; part of EUR2.7 m deal,0.1,1.8,1.8
Burkina Faso,Brazil,2010,?,3,?,EMB-314 Super Tucano,trainer/combat aircraft,3,,2011,New,,4.5,13.5,13.5
Burkina Faso,Bulgaria,2018,,3,?,Mi-24D/Mi-25,combat helicopter,3,,2018; 2019; 2021,Second hand,Second-hand,3.3,9.9,9.9
Bolivia,Belgium,1982,,1,?,SA-315B Lama,light helicopter,1,,1982,Second hand,Second-hand,0.3,0.3,0.3
Bolivia,Brazil,1974,,18,,A-122 Uirapuru,trainer aircraft,18,,1974,New,,0.14,2.52,2.52
Bolivia,Brazil,1991,?,15,,A-122 Uirapuru,trainer aircraft,15,,1992,Second hand,Second-hand,0.06,0.84,0.84
Bolivia,Brazil,1985,,6,,A-132 Tangara,trainer aircraft,6,,1986,New,,0.15,0.9,0.9
Bolivia,Brazil,1977,?,24,?,EE-11 Urutu,APC,24,?,1979; 1980,New,,0.24,5.88,5.88
Bolivia,Brazil,1977,?,24,?,EE-9 Cascavel,armoured car,24,?,1979; 1980,New,,0.72,17.28,17.28
Bolivia,Brazil,1973,?,8,,S-11 Instructor,trainer aircraft,8,,1974,Second hand,Second-hand,0.05,0.38,0.38
Bolivia,Brazil,1981,,6,,SA-315B Lama,light helicopter,6,,1981; 1986,New,HB-315B Gaviaio version; Bolivian designation Gavilan; for SAR,0.75,4.5,4.5
Bolivia,Brazil,2011,,4,,Bell-205/UH-1H,helicopter,4,,2012,Second hand,Second-hand; aid; for anti-narcotics operations,1.05,4.19,4.19
Bolivia,Brazil,2005,,6,,Universal,trainer aircraft,6,,2005,Second hand,Second-hand; gift,0.1,0.58,0.58
Brazil,Belgium,2000,,2,,BPz-2,ARV,2,,2001,Second hand,Second-hand; Brazilian designation SG-13 HART,0.56,1.12,1.12
Brazil,Belgium,1995,,128,?,Leopard-1A1,tank,128,?,1997; 1998; 1999; 2000,Second hand,Second-hand; Leopard-1A1BE version,0.84,107.52,107.52
Brazil,Belgium,1999,,40,?,M-109A1 155mm,self-propelled gun,40,?,1999; 2000; 2001; 2002,Second hand but modernized,Second-hand but modernized before delivery; M-109A3 version,0.73,29.04,29.04
Bulgaria,Belgium,2008,,1,,Tripartite,MCM ship,1,,2009,Second hand,Second-hand; part of EUR54 m deal,22,22,22
Bulgaria,Belgium,2004,,1,,Wielingen,frigate,1,,2005,Second hand but modernized,Second-hand but modernized before sale to Bulgaria; EUR23 m ($28 m) deal,132,132,132
Bulgaria,Belgium,2008,,2,,Wielingen,frigate,2,,2008; 2009,Second hand,Second-hand; part of EUR54 m deal,80,160,160
Cameroon,Bosnia-Herzegovina,2002,?,31,?,AML,armoured car,31,,2002,Second hand,Second-hand; supplied via Israel; AML-90 version,0.28,8.68,8.68
Canada,Belgium,2020,,25,?,Alpha Jet,trainer/combat aircraft,25,?,2021; 2022,Second hand,Second-hand; EUR9.7 m deal; for Canadian company for training of Canadian and other air forces; Alpha Jet-1B+ version,3.6,90,90
Canada,Bulgaria,2007,?,2,?,PM-43 120mm,mortar,0,,,Second hand,Probably Second-hand; probably for museum,0.1,0.2,0
Cabo Verde,Brazil,1998,?,1,,EMB-110 Bandeirante,light transport aircraft,1,,1998,New,For coast guard; incl for MP,2.65,2.65,2.65
Central African Republic,Belarus,2021,?,1,,Il-76M,heavy transport aircraft,1,,2021,Second hand,Second-hand,34,34,34
Chad,Belgium,2006,,82,?,AML,armoured car,82,?,2007; 2008; 2010,Second hand but modernized,Second-hand but modernized before delivery; Eland-90 version; ordered and delivered via France,0.46,37.88,37.88
Chad,Bulgaria,2007,?,10,?,2S1 122mm,self-propelled gun,10,,2008; 2009,Second hand,Second-hand,0.36,3.6,3.6
Chile,Bahrain,2000,,1,,Bell-412,helicopter,1,,2001,Second hand,Second-hand,2,2,2
Chile,Belgium,2004,,139,,AIFV,IFV,139,?,2006,Second hand,Second-hand; probably incl APC version,0.36,50.04,50.04
Chile,Belgium,2008,,21,?,M-108 VBCL,APC,21,,2009,Second hand,Second-hand,0.12,2.52,2.52
Chile,Belgium,1994,,20,,Mirage-5,FGA aircraft,20,,1995; 1996,Second hand but modernized,Second-hand but modernized to MIRSIP for Belgium but sold to Chile; part of $54 m deal; incl 5 Mirage-5BP version; Chilean designation Elkan,7.43,148.5,148.5
Chile,Belgium,1994,,5,,Mirage-5,FGA aircraft,5,,1995; 1996,Second hand,Second-hand; part of $54 m deal; incl 4 Mirage-5BR reconnaissance and 1 Mirage-5BP version,4.5,22.5,22.5
Chile,Brazil,2006,?,3,,AS365/AS565 Panther,helicopter,3,,2006,Second hand,Second-hand; $10 m deal (incl modernization before delivery); for SAR,1.3,3.9,3.9
Chile,Brazil,2006,?,1,,AS365/AS565 Panther,helicopter,1,,2007,Second hand,Second-hand,1.3,1.3,1.3
Chile,Brazil,1975,?,37,?,EE-11 Urutu,APC,37,?,1976,New,,0.24,9.06,9.06
Chile,Brazil,1974,?,83,,EE-9 Cascavel,armoured car,83,?,1974; 1976,New,,0.72,59.76,59.76
Chile,Brazil,1976,,3,,EMB-110 Bandeirante,light transport aircraft,3,,1976,New,$3.9 m deal; EMB-110C(N) version,2.65,7.95,7.95
Chile,Brazil,1977,,6,,EMB-111,maritime patrol aircraft,6,,1978; 1979,New,EMB-111A(N) version,5.5,33,33
Chile,Brazil,2008,,12,,EMB-314 Super Tucano,trainer/combat aircraft,12,,2009; 2010,New,$140 m deal,4.5,54,54
Chile,Brazil,2017,,6,,EMB-314 Super Tucano,trainer/combat aircraft,6,,2018,New,,4.5,27,27
Chile,Brazil,2019,,4,,EMB-314 Super Tucano,trainer/combat aircraft,4,,2020,New,,4.5,18,18
Chile,Brazil,1974,,10,,Universal,trainer aircraft,10,,1975,New,,0.24,2.4,2.4
China,Belarus,2011,?,5,,Il-76M,heavy transport aircraft,5,?,2013,Second hand,Second-hand; incl 2 Il-76MD and 3 Il-76TD version; ordered via Russia,34,170,170
Cambodia,Bulgaria,2010,?,4,,BRDM-2,reconnaissance AV,4,,2010,Second hand,Second-hand,0.06,0.24,0.24
Cambodia,Bulgaria,2010,?,40,,BTR-60PB,APC,40,,2010,Second hand,Second-hand,0.1,4,4
Cambodia,Bulgaria,1996,?,4,?,L-39Z Albatros,trainer/combat aircraft,4,,1996; 1997,Second hand,Second-hand (but modernized in Israel before delivery); possibly sold via original Czech producer,2,8,8
Cambodia,Bulgaria,1986,?,18,?,MiG-21bis,fighter aircraft,18,?,1986,Second hand,Second-hand; supplier uncertain; no. could be 16,5,90,90
Cambodia,Bulgaria,1986,?,4,?,MiG-21PFM,fighter aircraft,4,?,1986,Second hand,Second-hand; supplier uncertain; MiG-21UM trainer version; no. could be 3,4,16,16
Colombia,Brazil,1968,?,1,,DC-4/C-54,transport aircraft,1,,1969,Second hand,Second-hand; aid,2.5,2.5,2.5
Colombia,Brazil,1981,,76,?,EE-11 Urutu,APC,76,?,1983; 1984,New,,0.24,18.62,18.62
Colombia,Brazil,1981,,120,,EE-9 Cascavel,armoured car,120,?,1983; 1984,New,,0.72,86.4,86.4
Colombia,Brazil,1992,,2,,EMB-110 Bandeirante,light transport aircraft,2,,1992,New,Incl for military VIP transport; EMB-110P1A version,2.65,5.3,5.3
Colombia,Brazil,1992,,14,,EMB-312 Tucano,trainer aircraft,14,,1992; 1993,New,Incl for combat role (against ELN; EPL and FARC rebels),1.9,26.6,26.6
Colombia,Brazil,2005,,25,,EMB-314 Super Tucano,trainer/combat aircraft,25,,2006; 2007; 2008,New,$235 m deal (loan from Brazilian banks); mainly for combat role (against FARC and ELN rebels),4.5,112.5,112.5
Colombia,Brazil,2009,?,50,?,SMKB,guided bomb,50,?,2012,New,,0.02,1,1
Comoros,Brazil,2012,,1,,L-410 Turbolet,light transport aircraft,1,,2012,Second hand,L-410UVP version; second-hand,1.04,1.04,1.04
Congo,Bulgaria,1999,?,3,,2S1 122mm,self-propelled gun,3,,1999,Second hand,Probably Second-hand; recipient could be DRC,0.36,1.08,1.08
Congo,Bulgaria,1998,?,18,?,PM-43 120mm,mortar,18,,1998,Second hand,Probably Second-hand; designation uncertain; delivered via Poland; recipient could be DRC,0.1,1.8,1.8
Cyprus,Brazil,1982,?,10,?,EE-11 Urutu,APC,10,?,1984,New,Status uncertain,0.24,2.45,2.45
Cyprus,Brazil,1982,?,36,?,EE-3 Jararaca,reconnaissance AV,36,?,1984; 1985,New,Incl version with MILAN anti-tank missile,0.14,5.04,5.04
Cyprus,Brazil,1982,,126,?,EE-9 Cascavel,armoured car,126,?,1984; 1985; 1986; 1987; 1988,New,,0.72,90.72,90.72
Czechia,Brazil,2023,?,2,,C-390 Millennium,transport aircraft,0,,,New,Selected 2010 but not yet ordered by end-2023,54,108,0
Czechia,Bulgaria,1998,,40,?,9M114 Kokon,anti-tank missile,40,?,1999; 2000,Second hand,Probably second-hand; part of $1.8 m deal for 80 AT-6 missiles from Ukraine and Bulgaria,0.01,0.32,0.32
Czechia,Bulgaria,2000,,10,?,9M114 Kokon,anti-tank missile,10,?,2000,Second hand,Probably second-hand; part of $1.8 m deal for 80 AT-6 missiles from Ukraine and Bulgaria,0.01,0.08,0.08
Denmark,Bahamas,2015,?,1,,BN-2 Islander,light transport aircraft,1,,2015,Second hand,Second-hand; BN-2A-21 version,0.24,0.24,0.24
Djibouti,Belarus,2004,?,2,?,Mi-24P/Mi-35P,combat helicopter,2,?,2005,Second hand,Second-hand,3.6,7.2,7.2
Dominican Republic,Brazil,2008,,8,,EMB-314 Super Tucano,trainer/combat aircraft,8,,2009; 2010,New,Incl for combat role (anti-narcotics operations),4.5,36,36
DR Congo,Belgium,1962,,2,,Auster AOP,light aircraft,2,,1964,Second hand,Second-hand; supplier uncertain,0.03,0.06,0.06
DR Congo,Belgium,1960,,2,,DH-114 Heron,light transport aircraft,2,,1962,Second hand,Second-hand,0.6,1.2,1.2
DR Congo,Belgium,1962,,2,,Dove,light transport aircraft,2,,1964,Second hand,Second-hand,0.22,0.44,0.44
DR Congo,Belgium,1961,?,3,,Dove,light transport aircraft,3,,1962,Second hand,Second-hand,0.22,0.66,0.66
DR Congo,Belgium,1959,?,15,?,M-3A1 Scout Car,APC/APV,15,,1960,Second hand,Second-hand,0.04,0.66,0.66
DR Congo,Belgium,1959,?,15,,M-8 Greyhound,armoured car,15,?,1960,Second hand,Second-hand,0.08,1.14,1.14
DR Congo,Belgium,2001,?,1,,Mi-26,transport helicopter,1,,2002,Second hand,Second-hand; probably lease,11.2,11.2,11.2
DR Congo,Belgium,1961,?,1,,S-55,helicopter,1,,1962,Second hand,Second-hand,0.48,0.48,0.48
DR Congo,Belgium,1963,?,2,,T-6 Texan,trainer aircraft,2,,1963,Second hand,Second-hand; T-6G version,0.1,0.2,0.2
DR Congo,Belgium,1961,,2,,T-6 Texan,trainer aircraft,2,,1961,Second hand,Second-hand,0.1,0.2,0.2
DR Congo,Belgium,1961,?,1,,DH-82 Tiger Moth,trainer aircraft,1,,1961,Second hand,Second-hand,0.04,0.04,0.04
DR Congo,Belarus,1997,?,6,,BM-21 Grad 122mm,self-propelled MRL,6,,1997,Second hand,Second-hand,0.24,1.44,1.44
DR Congo,Bulgaria,2013,?,12,?,D-20 152mm,towed gun,12,,2013; 2015,Second hand,Second-hand,0.2,2.4,2.4
Ecuador,Brazil,1983,?,18,?,EE-11 Urutu,APC,18,?,1984,New,,0.24,4.41,4.41
Ecuador,Brazil,1983,,10,,EE-3 Jararaca,reconnaissance AV,10,?,1984,New,,0.14,1.4,1.4
Ecuador,Brazil,1983,,28,?,EE-9 Cascavel,armoured car,28,?,1984,New,,0.72,20.16,20.16
Ecuador,Brazil,2008,,18,,EMB-314 Super Tucano,trainer/combat aircraft,18,,2010; 2011,New,$220 m deal; originally 24 ordered but changed to 18,4.5,81,81
Ecuador,Brazil,2006,?,5,?,HS-748,transport aircraft,5,?,2006,Second hand,Second-hand; aid,3.4,17,17
Egypt,Brazil,1983,,40,,EMB-312 Tucano,trainer aircraft,40,?,1984; 1985; 1986; 1987; 1988,New,Incl 30 assembled in Egypt; part of $181 m deal incl 80 more assembled in Egypt for Iraq,1.9,76,76
Egypt,Brazil,1989,,14,,EMB-312 Tucano,trainer aircraft,14,?,1990,New,$25 m deal; assembled in Egypt,1.9,26.6,26.6
Eritrea,Belarus,2006,?,9,,BM-22/9P140 Uragan,self-propelled MRL,9,,2007,Second hand,Second-hand,0.44,3.96,3.96
Eritrea,Belarus,2005,?,2,?,S-125 Pechora,SAM system,2,,2005,Second hand but modernized,Second-hand but modernized to S-125-2T before delivery,11.55,23.1,23.1
Eritrea,Belarus,2005,?,70,?,V-601,SAM,70,?,2005,Second hand,Second-hand but possibly modernized before delivery,0.05,3.36,3.36
Eritrea,Bulgaria,1999,?,12,,2S1 122mm,self-propelled gun,12,,1999,Second hand,Probably Second-hand,0.36,4.32,4.32
Eritrea,Bulgaria,2004,?,20,,2S1 122mm,self-propelled gun,20,,2005,Second hand,Second-hand,0.36,7.2,7.2
Eritrea,Bulgaria,2003,?,40,,M-30 122mm,towed gun,40,,2004,Second hand,Second-hand; designation uncertain (reported as 122mm howitzer),0.18,7.2,7.2
Eritrea,Bulgaria,1999,?,30,,M-46 130mm,towed gun,30,,1999,Second hand,Second-hand,0.26,7.8,7.8
Eritrea,Bulgaria,2003,?,9,,M-46 130mm,towed gun,9,,2004,Second hand,Second-hand,0.26,2.34,2.34
Eritrea,Bulgaria,2004,?,10,,MT-LB,APC,10,,2005,Second hand,Second-hand,0.1,1,1
Eritrea,Bulgaria,2004,?,120,,T-55,tank,120,,2005,Second hand,Second-hand,0.5,60,60
Estonia,Belgium,2010,?,25,?,Mistral,portable SAM,25,?,2010,Second hand,Second-hand,0.04,0.9,0.9
Estonia,Bulgaria,1996,?,14,,PM-43 120mm,mortar,14,,1997,Second hand,Second-hand; designation uncertain,0.1,1.4,1.4
Ethiopia,Belarus,2000,?,2,,Mi-24P/Mi-35P,combat helicopter,2,,2000,Second hand,Second-hand,3.6,7.2,7.2
Ethiopia,Belarus,1998,?,40,,T-55,tank,40,,1998,Second hand,Second-hand,0.5,20,20
Ethiopia,Bosnia-Herzegovina,2022,?,5,?,Despot,APV,5,,2022,New,Designation uncertain (reported as 'Multipurpose armoured vehicles'),0.3,1.5,1.5
Ethiopia,Bulgaria,2003,?,5,,L-39C Albatros,trainer aircraft,5,,2004,Second hand,Second-hand,1.8,9,9
Ethiopia,Bulgaria,1998,?,50,?,T-55,tank,50,?,1998,Second hand,Second-hand; may incl some from Ukraine and/or Romania sold via Bulgaria,0.5,25,25
Ethiopia,Bulgaria,1998,?,140,?,T-55,tank,140,?,1999; 2002,Second hand,Second-hand; may incl some from Ukraine and/or Romania sold via Bulgaria; status of last 40 uncertain after delivery suspended 2000-2001 because of UN embargo,0.5,70,70
France,Belgium,2005,?,110,?,Arrows-300,APC turret,110,?,2008; 2009; 2010; 2011; 2012; 2013,New,For 110 VPC APC produced in France,0.05,5.5,5.5
France,Belgium,2009,,2,,AS365/AS565 Panther,helicopter,2,,2009,Second hand,Second-hand; lease; AS-365N3 version,1.3,2.6,2.6
France,Belgium,2017,,4,,AS365/AS565 Panther,helicopter,4,?,2018,Second hand,Second-hand; leased from Belgian company for training of French Navy pilots; AS-365N2 version,1.3,5.2,5.2
France,Belgium,1997,,3,,Tripartite,MCM ship,3,,1997,Second hand,Second-hand; French designation Eridan,22,66,66
France,Brazil,2020,,2,?,A330,transport aircraft,2,?,2020,Second hand,Second-hand (but only used 2 years); to be modified after delivery to A-330 MRTT tanker/transport aircraft,46,92,92
France,Brazil,1981,,43,,EMB-121 Xingu,light transport aircraft,43,?,1982; 1983; 1984,New,Incl for training,2.75,118.25,118.25
France,Brazil,1991,,50,,EMB-312 Tucano,trainer aircraft,50,?,1993; 1995; 1996; 1997,New,$170 m deal; EMB-312F version; option on 30 more no used,1.9,95,95
France,Brazil,1968,,22,,MS-760 Paris,light aircraft,22,,1969,Second hand,Second-hand; exchanged for 7 CM-170 trainer aircraft,0.72,15.84,15.84
Germany,Belgium,2020,,3,,EC145,light helicopter,3,?,2021,New,1-year lease for training; H1454D2 and H145D3 versions,3.25,9.75,9.75
Gabon,Brazil,1981,?,12,,EE-11 Urutu,APC,12,,1984,New,For presidential guard,0.24,2.94,2.94
Gabon,Brazil,1981,,12,,EE-3 Jararaca,reconnaissance AV,12,,1984,New,,0.14,1.68,1.68
Gabon,Brazil,1981,,14,,EE-9 Cascavel,armoured car,14,?,1983,New,,0.72,10.08,10.08
Gabon,Brazil,1980,,3,,EMB-110 Bandeirante,light transport aircraft,3,,1980,New,Incl 1 for Presidential Guard,2.65,7.95,7.95
Gabon,Brazil,1980,,1,,EMB-111,maritime patrol aircraft,1,,1981,New,EMB-110P-1K version,5.5,5.5,5.5
Georgia,Bulgaria,2009,?,12,?,D-20 152mm,towed gun,12,,2009,Second hand,Designation uncertain,0.2,2.4,2.4
Georgia,Bulgaria,2011,?,12,?,D-30 122mm,towed gun,12,,2011,Second hand,Probably Second-hand but possibly Second-hand sold via Bulgaria; designation uncertain (reported as 122mm howitzer),0.14,1.68,1.68
Georgia,Bulgaria,2006,,600,?,Fagot,anti-tank missile,600,?,2006; 2007,New,,0.01,6,6
Georgia,Bulgaria,2003,?,14,,PM-43 120mm,mortar,14,,2004,Second hand,Designation uncertain,0.1,1.4,1.4
Georgia,Bulgaria,2001,,2,,Project-106K,landing craft,2,,2001,Second hand,Second-hand; aid; Georgian designation Guria,4.88,9.76,9.76
Georgia,Bulgaria,2005,?,4,?,Su-25,ground attack aircraft,4,?,2005,Second hand,Second-hand,4.6,18.4,18.4
Georgia,Bulgaria,2013,?,5,?,T-72M1,tank,5,,2013,Second hand,Second-hand,1.04,5.2,5.2
Ghana,Brazil,2021,,11,,VBTP Guarani,APC,0,,,New,Ordered via Israeli company,0.3,3.3,0
Greece,Brazil,1999,,4,,EMB-145AEW&C,AEW&C aircraft,4,,2008,New,Part of $476-676 m deal (incl PS-890 Erieye radar fitted in Sweden); EMB-145H version,12,48,48
Guyana,Brazil,1981,,1,,Bell-412,helicopter,1,,1985,New,Possibly second-hand,5,5,5
Guyana,Brazil,2018,,2,,BN-2 Islander,light transport aircraft,2,,2018,Second hand,Second-hand,0.24,0.48,0.48
Guyana,Brazil,1983,?,1,,EMB-110 Bandeirante,light transport aircraft,1,,1983,New,,2.65,2.65,2.65
Honduras,Brazil,1984,?,12,,EMB-312 Tucano,trainer aircraft,12,,1985; 1986,New,,1.9,22.8,22.8
Hungary,Belarus,1996,?,100,,T-72M1,tank,100,,1996,Second hand,Second-hand; $13 m deal,1.04,104,104
Hungary,Brazil,2020,,2,,C-390 Millennium,transport aircraft,0,,,New,KC-390 version; delivery planned from 2024,54,108,0
India,Brazil,2008,,3,,ERJ,transport aircraft,3,,2017; 2019,New,Part of $210 m deal; modified in India to AEW&C aircraft with Indian radar,10.4,31.2,31.2
Indonesia,Belgium,2008,?,22,?,CM-90 90mm,tank turret,22,?,2013,New,For Black Fox IFV from South Korea; CSE-90 version,0.6,13.2,13.2
Indonesia,Belgium,2016,,14,?,CM-90 90mm,tank turret,14,?,2019; 2020; 2021,New,Produced under licence in Indonesia; for 14 Badak armoured fire support vehicles produced in Indonesia,0.6,8.4,8.4
Indonesia,Belgium,2016,,1,,Cockerill-3105 105mm,tank turret,1,?,2017,New,For Pandur-2 AFSV from Austria,0.8,0.8,0.8
Indonesia,Belgium,2019,?,18,,Cockerill-3105 105mm,tank turret,0,,,New,For MMWT (Kaplan MT or Harimau) tank from Turkey,0.8,14.4,0
Indonesia,Belgium,2016,,4,?,M-108 VBCL,APC,4,,2018,Second hand,Second-hand; for use with M-109 self-propelled gun,0.12,0.48,0.48
Indonesia,Belgium,2016,,36,?,M-109A1 155mm,self-propelled gun,36,,2017; 2018,Second hand but modernized,Second-hand but modernized before delivery; M-109A4 version,0.73,26.14,26.14
Indonesia,Belgium,2014,,150,,M-113,APC,150,?,2014; 2015; 2016; 2017; 2018,Second hand,Second-hand; M-113A1-B version; incl ARV version,0.1,15,15
Indonesia,Brazil,2012,,36,,ASTROS-2,self-propelled MRL,36,,2014; 2015,New,$403 m deal; ASTROS-2 Mk-6 (ASTROS-2020) version,0.95,34.2,34.2
Indonesia,Brazil,2019,?,27,?,ASTROS-2,self-propelled MRL,27,?,2020,New,ASTROS-2 Mk-6 (ASTROS-2020) version,0.95,25.65,25.65
Indonesia,Brazil,2011,,8,,EMB-314 Super Tucano,trainer/combat aircraft,8,,2012; 2014,New,,4.5,36,36
Indonesia,Brazil,2012,,8,,EMB-314 Super Tucano,trainer/combat aircraft,8,,2015; 2016,New,,4.5,36,36
Indonesia,Brunei,2010,,2,,Waspada,FAC,2,,2011,Second hand,Second-hand; aid; for training,12,24,24
Iran,Belarus,1999,?,37,?,T-72M1,tank,37,?,2000; 2001; 2002,Second hand,Possibly second-hand; supplier could be Russia (as part of Iranian production of T-72),1.04,38.48,38.48
Iran,Belarus,2010,?,2,?,Vostok-E,air search radar,2,?,2011,New,,7.5,15,15
Iran,Brazil,1988,,25,,EMB-312 Tucano,trainer aircraft,25,?,1989; 1990; 1991,New,,1.9,47.5,47.5
Iraq,Belarus,2015,,9,?,Su-25,ground attack aircraft,9,,2015; 2016,Second hand,Second-hand,4.6,41.4,41.4
Iraq,Brazil,1981,?,67,?,ASTROS-2,self-propelled MRL,67,?,1984; 1985; 1986; 1988,New,No. delivered could be up to 260; Iraqi designation Ajeel,0.95,63.65,63.65
Iraq,Brazil,1979,,100,?,EE-11 Urutu,APC,100,?,1980,New,,0.28,27.5,27.5
Iraq,Brazil,1981,,100,?,EE-11 Urutu,APC,100,?,1982; 1983; 1984,New,Part of $250 m deal,0.24,24.5,24.5
Iraq,Brazil,1981,,280,?,EE-3 Jararaca,reconnaissance AV,280,?,1984; 1985,New,,0.14,39.2,39.2
Iraq,Brazil,1981,,200,?,EE-9 Cascavel,armoured car,200,?,1982; 1983; 1984; 1985,New,Part of $250 m deal,0.75,150,150
Iraq,Brazil,1979,?,200,?,EE-9 Cascavel,armoured car,200,?,1979; 1980; 1981,New,,0.72,144,144
Iraq,Brazil,1983,,80,,EMB-312 Tucano,trainer aircraft,80,?,1985; 1986; 1987; 1988,New,Ordered via and assembled in Egypt; option on 20-40 more not used,1.9,152,152
Iraq,Bulgaria,2014,?,400,?,2B11 120mm,mortar,400,?,2014; 2015; 2016; 2017,Second hand,Probably second-hand; designation uncertain (reported as '120mm mortar'); supplier could be Serbia (and delivered via Bulgaria),0.1,40,40
Iraq,Bulgaria,2015,?,280,?,BMP-1,IFV,280,?,2015; 2016,Second hand,Second-hand,0.36,100.8,100.8
Iraq,Bulgaria,2021,,20,?,BMP-1,IFV,20,,2022,Second hand,Second-hand; part of $245 m deal,0.36,7.2,7.2
Iraq,Bulgaria,2014,,18,,D-20 152mm,towed gun,18,,2014,Second hand,Second-hand; aid,0.2,3.6,3.6
Iraq,Bulgaria,2021,,55,?,T-72M1,tank,10,,2022,Second hand,Second-hand; part of $245 m deal,1.04,57.2,10.4
Cote d'Ivoire,Belarus,2002,?,10,?,2B11 120mm,mortar,10,,2002,Second hand,Second-hand,0.1,1,1
Cote d'Ivoire,Belarus,2002,?,1,,An-12,transport aircraft,1,,2002,Second hand,Second-hand; An-12BP version,9.2,9.2,9.2
Cote d'Ivoire,Belarus,2003,?,6,?,BM-21 Grad 122mm,self-propelled MRL,6,,2003,Second hand,Second-hand,0.24,1.44,1.44
Cote d'Ivoire,Belarus,2002,?,13,,BMP-1,IFV,13,,2002; 2003,Second hand,Second-hand,0.36,4.68,4.68
Cote d'Ivoire,Belarus,2003,?,13,?,BRDM-2,reconnaissance AV,13,,2003,Second hand,Second-hand,0.06,0.78,0.78
Cote d'Ivoire,Belarus,2018,?,4,?,BTR-70,APC,4,?,2018,Second hand but modernized,Second-hand but modernized to BTR-70MB before delivery,0.18,0.71,0.71
Cote d'Ivoire,Belarus,2003,?,6,,BTR-80,APC,6,,2003,Second hand,Second-hand,0.14,0.84,0.84
Cote d'Ivoire,Belarus,2017,,8,?,Kaiman,APV,8,?,2018,New,Incl for police,0.16,1.28,1.28
Cote d'Ivoire,Belarus,2002,?,2,,Mi-24V/Mi-35,combat helicopter,2,,2002,Second hand,Second-hand; possibly leased from and operated by South African mercenary company to fight rebels; 1 more delivered for spare parts only,3.4,6.8,6.8
Cote d'Ivoire,Belarus,2003,?,1,?,Mi-8T,transport helicopter,1,,2003,Second hand,Second-hand; Mi-8T version,2.4,2.4,2.4
Cote d'Ivoire,Belarus,2003,?,4,,Su-25,ground attack aircraft,4,,2003; 2004,Second hand,Second-hand; incl 2 Su-25UB version,4.6,18.4,18.4
Cote d'Ivoire,Bulgaria,2017,,2,,An-26,transport aircraft,2,,2018,Second hand,Second-hand; An-26B version,3.4,6.8,6.8
Cote d'Ivoire,Bulgaria,2016,?,3,?,Mi-24D/Mi-25,combat helicopter,3,,2017,Second hand,Second-hand,3.3,9.9,9.9
Cote d'Ivoire,Bulgaria,2003,,2,,Mi-24V/Mi-35,combat helicopter,2,,2003,Second hand,Second-hand,3.4,6.8,6.8
Cote d'Ivoire,Bulgaria,2019,?,2,,Mi-24V/Mi-35,combat helicopter,2,,2020; 2021,Second hand,Second-hand,3.4,6.8,6.8
Cote d'Ivoire,Bulgaria,2002,?,2,?,Mi-8T,transport helicopter,2,,2002,Second hand,Second-hand; leased from Bulgarian company,2.4,4.8,4.8
Cote d'Ivoire,Bulgaria,2003,,2,,MiG-23ML,fighter aircraft,2,,2003,Second hand,Second-hand; MiG-23MLD version,6.4,12.8,12.8
Cote d'Ivoire,Bulgaria,2003,,3,,PM-43 120mm,mortar,3,,2003,Second hand,Probably Second-hand; designation uncertain (reported as 120mm mortar),0.1,0.3,0.3
Cote d'Ivoire,Bulgaria,2000,?,10,?,Strela-2,portable SAM,10,?,2000,Second hand,Probably Second-hand,0.02,0.16,0.16
Jordan,Belgium,2007,,45,?,AGM-65 Maverick,ASM,45,,2008,Second hand,Second-hand; AGM-65G version,0.06,2.7,2.7
Jordan,Belgium,2005,?,13,?,AIFV,IFV,13,,2005,Second hand,Second-hand,0.36,4.68,4.68
Jordan,Belgium,2005,?,48,?,AIFV-APC,APC,48,,2005,Second hand,Second-hand,0.12,5.76,5.76
Jordan,Belgium,2006,?,16,,F-16C,FGA aircraft,16,,2008; 2009,Second hand,Second-hand; 'Peace Falcon-3' deal; F-16AM version (incl 4 F-16BM/F-16D trainer/combat versions),11.4,182.4,182.4
Jordan,Belgium,2010,,9,,F-16C,FGA aircraft,9,,2011,Second hand,Second-hand; 'Peace Falcon-5' deal; F-16AM version (incl 3 F-16BM/F-16D trainer/combat versions),11.4,102.6,102.6
Jordan,Belgium,2005,?,10,?,M-113,APC,10,,2005,Second hand,Second-hand,0.1,1,1
Jordan,Belgium,2007,?,18,?,M-113,APC,18,,2008,Second hand,Second-hand; ARV version,0.1,1.8,1.8
Jordan,Belgium,2010,,6,,M-113,APC,6,,2010,Second hand,Second-hand; ARV and maintenance versions,0.1,0.6,0.6
Jordan,Belgium,2004,?,81,,M-167 Vulcan,AA gun,81,,2005,Second hand,Second-hand; VADS version,0.16,12.96,12.96
Jordan,Belgium,1999,?,50,?,Scorpion,light tank,50,?,2001,Second hand,Second-hand,0.33,16.6,16.6
Jordan,Belgium,1999,?,100,?,Spartan,APC,100,?,2000,Second hand,Second-hand,0.1,10,10
Jordan,Belgium,2005,?,143,?,Spartan,APC,143,?,2005; 2007,Second hand,Second-hand; no. could be 71,0.1,14.3,14.3
Jordan,Brazil,1987,,28,?,EE-11 Urutu,APC,28,?,1987; 1988,New,$50 m deal; for police,0.24,6.86,6.86
Katanga,Belgium,1960,,1,,DH-114 Heron,light transport aircraft,1,,1960,Second hand,Second-hand,0.6,0.6,0.6
Katanga,Belgium,1960,,8,,T-6 Texan,trainer aircraft,8,,1960,Second hand,Second-hand,0.1,0.8,0.8
South Korea,Brazil,2023,?,3,?,C-390 Millennium,transport aircraft,0,,,New,KRW710 b ($542 m) 'Large Transport Aircraft II' programme; incl production of components in South Korea; selected 2023 but not yet ordered by end-2023,54,162,0
South Korea,Brazil,1980,?,30,?,T-37B,trainer aircraft,30,?,1980,Second hand,Second-hand; T-37C version,0.72,21.6,21.6
Kuwait,Belgium,1984,,62,?,CM-90 90mm,tank turret,62,?,1984; 1986,New,For 62 V-300 Mk-2 IFV/AFSV from USA,0.6,37.2,37.2
Kuwait,Belgium,1996,,15,?,LCTS-90 90mm,tank turret,15,?,1998; 1999,New,For Pandur FSV from Austria,0.7,10.5,10.5
Lebanon,Belgium,2007,,22,,AIFV,IFV,22,,2009; 2010,Second hand,Second-hand,0.36,7.92,7.92
Lebanon,Belgium,2007,,12,,M-113,APC,12,,2009,Second hand,Second-hand; ambulance version,0.1,1.2,1.2
Lebanon,Brazil,2015,,6,,EMB-314 Super Tucano,trainer/combat aircraft,6,,2017; 2018,New,$173 m deal; A-29B version; from US production line; for combat role,4.5,27,27
Lebanon,Brazil,2014,,20,?,VBTP Guarani,APC,20,?,2017,New,Part of EUR30 m deal; ordered via Italy; VBTP-MR version,0.3,6,6
Lithuania,Bulgaria,1999,?,20,,2B11 120mm,mortar,20,,1999,New,Designation uncertain,0.25,5,5
Lithuania,Bulgaria,2013,?,36,?,2B11 120mm,mortar,36,,2014,New,Possibly second-hand; designation uncertain (reported as '120mm mortar'),0.25,9,9
Libya,Brazil,1981,?,180,?,EE-11 Urutu,APC,180,?,1981; 1982,New,,0.24,44.1,44.1
Libya,Brazil,1973,,500,?,EE-9 Cascavel,armoured car,500,?,1975; 1976; 1977; 1978,New,,0.72,360,360
Libya HoR*,Belarus,2014,,4,,Mi-24P/Mi-35P,combat helicopter,4,,2015,Second hand,Second-hand; acquired and financed via UAE,3.6,14.4,14.4
North Macedonia,Bulgaria,1999,,8,?,D-20 152mm,towed gun,8,?,1999,Second hand,Second-hand; aid; no. delivered could be 10,0.2,1.6,1.6
North Macedonia,Bulgaria,1999,,108,?,M-30 122mm,towed gun,108,?,1999,Second hand,Second-hand; aid; no. delivered could be up to 142 (possibly incl some for spares only),0.18,19.44,19.44
North Macedonia,Bulgaria,1999,,58,?,T-55,tank,58,?,1999,Second hand,Second-hand; no. could be 114 (incl up to 56 for spares only); aid,0.5,29,29
North Macedonia,Bulgaria,1999,,36,,T-55AM-2,tank,36,,1999,Second hand,Second-hand; aid,0.6,21.6,21.6
Malaysia,Belgium,1981,,24,,SIBMAS,APC,24,?,1984; 1985,New,Part of $84 m deal,0.25,6,6
Malaysia,Belgium,1981,,162,,SIBMAS AFSV-90,IFV,162,?,1983; 1984,New,Part of $84 m deal,0.85,137.7,137.7
Malaysia,Brazil,2001,,18,,ASTROS-2,self-propelled MRL,18,?,2002,New,$197 m deal,0.95,17.1,17.1
Malaysia,Brazil,2007,,18,,ASTROS-2,self-propelled MRL,18,,2010,New,$300 m deal,0.95,17.1,17.1
Malaysia,Brazil,2000,?,10,?,AV-VBL,APC,10,?,2002,New,,0.25,2.5,2.5
Malaysia,Brunei,2014,?,4,,S-70 Black Hawk,transport helicopter,4,,2016,Second hand,Second-hand,2.9,11.6,11.6
Mexico,Belgium,1994,?,401,?,AMX-VCI,APC,401,,1994; 1995; 1996,Second hand but modernized,Second-hand but some or most modernized before delivery; incl VTT/PM mortar carrier and ARV version; Mexican designation DNC-1,0.2,79.4,79.4
Mexico,Belgium,1994,?,95,?,BDX,APC,95,?,1994; 1995,Second hand,Second-hand; Mexican designation DNC-2,0.08,7.6,7.6
Mexico,Brazil,2001,,1,,EMB-145AEW&C,AEW&C aircraft,1,,2004,New,Part of $230-250 m deal; incl for SIGINT; mainly for anti-narcotics operations,12,12,12
Mexico,Brazil,2001,,2,,EMB-145MP,maritime patrol aircraft,2,,2004,New,Part of $230-250 m deal; mainly for anti-narcotics operations,12,24,24
Mali,Brazil,2015,,4,,EMB-314 Super Tucano,trainer/combat aircraft,4,,2018,New,,4.5,18,18
Mali,Bulgaria,2013,?,30,?,BM-21 Grad 122mm,self-propelled MRL,30,,2013,Second hand,Second-hand,0.24,7.2,7.2
Mali,Bulgaria,2006,?,44,?,BRDM-2,reconnaissance AV,44,,2007; 2008; 2009,Second hand,Second-hand,0.06,2.64,2.64
Mali,Bulgaria,2007,?,34,?,BTR-60PB,APC,34,,2008; 2009,Second hand but modernized,Second-hand but probably modernized before delivery,0.17,5.61,5.61
Mali,Bulgaria,2006,?,2,?,Mi-24D/Mi-25,combat helicopter,2,?,2007,Second hand,Second-hand,3.3,6.6,6.6
Mali,Bulgaria,2008,,2,,Mi-24D/Mi-25,combat helicopter,2,,2009,Second hand,Second-hand; EUR5.7 m deal,3.3,6.6,6.6
Mali,Bulgaria,2011,?,2,?,Mi-24D/Mi-25,combat helicopter,2,,2012,Second hand,Second-hand,3.3,6.6,6.6
Morocco,Belgium,2008,,90,?,AIFV,IFV,90,?,2009,Second hand,Second-hand,0.36,32.4,32.4
Morocco,Belgium,2008,,20,?,AIFV-APC,APC,20,?,2009,Second hand,Second-hand,0.12,2.4,2.4
Morocco,Belgium,2006,,43,?,M-109A1 155mm,self-propelled gun,43,,2008,Second hand,Second-hand; M-109A2 version,0.44,18.92,18.92
Morocco,Belgium,2009,?,13,?,M-113,APC,13,,2009,Second hand,Second-hand,0.1,1.3,1.3
Morocco,Belarus,1999,?,100,?,T-72B,tank,100,,1999; 2000,Second hand but modernized,Second-hand but modernized before delivery; incl 12 T-72BK version,1.72,171.6,171.6
Mozambique,Brazil,2014,,3,,EMB-312 Tucano,trainer aircraft,3,?,2014,Second hand,Second-hand; aid,0.9,2.7,2.7
Mauritania,Brazil,2011,,2,?,EMB-314 Super Tucano,trainer/combat aircraft,2,?,2012,New,,4.5,9,9
Myanmar,Belgium,2016,,1,?,EC-120 Colibri,light helicopter,1,?,2016,Second hand,Second-hand,0.28,0.28,0.28
Myanmar,Belarus,2014,?,100,?,3M9,SAM,100,?,2015; 2016,New,Second-hand (but modernized before delivery); for Kvadrat-M SAM systems; supplier uncertain,0.12,12,12
Myanmar,Belarus,2014,,2,?,Kvadrat-M,SAM system,2,?,2016,New,Second-hand Kvadrat SAM system rebuilt to Kvadrat-M,22.5,45,45
Myanmar,Belarus,2018,?,2,?,Mi-24P/Mi-35P,combat helicopter,2,,2019,Second hand,Second-hand,3.6,7.2,7.2
Myanmar,Bulgaria,1998,?,100,?,Igla-1,portable SAM,100,?,1999,New,Supplier uncertain,0.07,7,7
Namibia,Brazil,2004,,1,,Grajau,patrol craft,1,,2009,New,Part of $35 m deal,10.6,10.6,10.6
Namibia,Brazil,2003,,1,,Imperial Marinheiro,OPV/tug,1,,2004,Second hand,Second-hand; for use as OPV; Namibian designation Hamaambo,10,10,10
NATO**,Belgium,1986,,3,,Boeing-707,transport aircraft,3,?,1988; 1989,Second hand,Second-hand (modernized in FRG before delivery); Boeing-707-329C version; 'TCA' (Trainer Cargo Aircraft) programme; for use as trainer aircraft for NATO AEW aircraft unit,17.8,53.4,53.4
Nepal,Belarus,2002,,2,,Mi-17,transport helicopter,2,,2003,Second hand,Second-hand; financed by UK for police use against Maoist rebels on condition not to be used in offensive or armed role,2.9,5.8,5.8
Netherlands,Belgium,1983,,26,,M-113,APC,26,,1984,New,M-113A1 version; modified to ARV in Netherlands,0.25,6.5,6.5
Netherlands,Brazil,2023,?,5,,C-390 Millennium,transport aircraft,0,,,New,Bought in cooperation with Netherlands; delivery planned from 20026/2027; selected but not yet ordered by end-2023,54,270,0
Nicaragua,Bulgaria,1982,?,25,?,BRDM-2,reconnaissance AV,25,?,1983,Second hand,Second-hand,0.06,1.5,1.5
Nigeria,Belgium,1967,?,5,,C-47 Skytrain,transport aircraft,5,,1969,Second hand,Second-hand,1,5,5
Nigeria,Belgium,1968,?,1,,PA-23 Aztec,light aircraft,1,,1969,Second hand,Second-hand,0.14,0.14,0.14
Nigeria,Belarus,2009,,2,?,Mi-24P/Mi-35P,combat helicopter,2,,2010,Second hand,Second-hand,3.6,7.2,7.2
Nigeria,Brazil,1992,?,75,?,EE-9 Cascavel,armoured car,75,?,1994,New,,0.72,54,54
Nigeria,Brazil,2018,,12,,EMB-314 Super Tucano,trainer/combat aircraft,12,,2021,New,$345 m deal; A-29B version; ordered via USA and modified in USA before delivery,4.5,54,54
Nigeria,Bulgaria,2015,?,10,,BM-21 Grad 122mm,self-propelled MRL,10,,2015,Second hand,,0.24,2.4,2.4
Nigeria,Bulgaria,2015,,2,?,BTR-60PB,APC,2,,2015,Second hand,,0.1,0.2,0.2
Norway,Belgium,1966,?,3,,Adjutant,minesweeper,3,,1966,Second hand,Second-hand; exchanged for 2 second-hand Agressive minesweepers from Norway,4,12,12
Norway,Belgium,1954,?,8,,C-119 Packet,transport aircraft,8,,1956,Second hand,Second-hand,3.6,28.8,28.8
Pakistan,Belgium,2021,,7,,C-130H Hercules,transport aircraft,7,?,2022; 2023,Second hand,Second-hand,11.2,78.4,78.4
Pakistan,Belarus,1996,,1920,?,9M119,anti-tank missile,1920,?,1997; 1998; 1999,New,For T-80UD tank; status uncertain,0.02,38.4,38.4
Pakistan,Brazil,2008,,100,,MAR-1,anti-radar missile,100,?,2013; 2014; 2015; 2016; 2017,New,BRL111 m ($100-126 m) deal; for modernized Mirage-3/Mirage-5 and possibly JF-17 combat aircraft,0.2,20,20
Panama,Belgium,1983,,3,?,CM-90 90mm,tank turret,3,?,1983,New,For 3 V-300 Mk-2 IFV/AFSV from USA,0.6,1.8,1.8
Paraguay,Brazil,1975,?,8,,A-122 Uirapuru,trainer aircraft,8,,1975,New,,0.14,1.12,1.12
Paraguay,Brazil,1986,,6,,A-122 Uirapuru,trainer aircraft,6,?,1986,Second hand,Second-hand; aid,0.06,0.34,0.34
Paraguay,Brazil,1985,,2,,AS-350/AS-550 Fennec,light helicopter,2,,1985,New,$2.7 m deal; HB-350B Esquilo version,0.9,1.8,1.8
Paraguay,Brazil,1985,?,4,,AS-350/AS-550 Fennec,light helicopter,4,,1986,New,HB-350B Esquilo version,0.9,3.6,3.6
Paraguay,Brazil,1984,?,2,,C-47 Skytrain,transport aircraft,2,,1984,Second hand,Second-hand,1,2,2
Paraguay,Brazil,1975,,5,,DC-6/C-118,transport aircraft,5,,1975,Second hand,Second-hand; aid,3.4,17,17
Paraguay,Brazil,1984,?,12,,EE-11 Urutu,APC,12,?,1985,New,,0.24,2.94,2.94
Paraguay,Brazil,1984,?,28,,EE-9 Cascavel,armoured car,28,?,1985,New,,0.72,20.16,20.16
Paraguay,Brazil,2009,?,3,,EMB-312 Tucano,trainer aircraft,3,,2010,Second hand,Second-hand; exchanged for 4 EMB-326GB (Xavante) trainer aircraft and 1 Boeing-707 transport aircraft,0.9,2.7,2.7
Paraguay,Brazil,1987,,6,,EMB-312 Tucano,trainer aircraft,6,?,1988,New,,1.9,11.4,11.4
Paraguay,Brazil,1984,?,9,,M-3 Stuart,light tank,9,?,1984,Second hand,Second-hand; aid,0.12,1.08,1.08
Paraguay,Brazil,1978,,10,,MB-326GB,trainer/combat aircraft,10,?,1978; 1980; 1981,New,EMB-326 Xavante version,2.35,23.5,23.5
Paraguay,Brazil,1960,?,5,,PT-19 Cornell,trainer aircraft,5,,1960,Second hand,Second-hand; aid,0.05,0.24,0.24
Paraguay,Brazil,1982,,1,,Roraima,patrol craft,1,,1985,New,Paraguayan designation Itaipu,9.6,9.6,9.6
Paraguay,Brazil,1970,?,8,,S-11 Instructor,trainer aircraft,8,,1971,Second hand,Second-hand,0.05,0.38,0.38
Paraguay,Brazil,1975,,10,?,T-6 Texan,trainer aircraft,10,?,1975,Second hand,Second-hand; aid; no. delivered could be between 5 and 16,0.1,1,1
Paraguay,Brazil,1960,?,14,,T-6 Texan,trainer aircraft,14,,1960,Second hand,Second-hand; aid; T-6G version,0.1,1.4,1.4
Paraguay,Brazil,2005,,6,,Universal,trainer aircraft,6,?,2005,Second hand,Second-hand; aid,0.1,0.58,0.58
Peru,Belarus,1996,?,100,?,Kh-25M,anti-radar missile/ASM,100,?,1997,New,Probably second-hand; part of $402 m deal; Kh-25ML (AS-10B) version for Su-25 combat aircraft; ordered after experiences in 1995 war with Ecuador,0.18,18,18
Peru,Belarus,1996,?,100,?,Kh-29,ASM,100,?,1997,New,Probably ex-Belarusian; part of $402 m deal; Kh-29L version; for Su-25 combat aircraft; ordered after experiences in 1995 war with Ecuador,0.2,20,20
Peru,Belarus,1996,?,25,?,Kh-58U,anti-radar missile,25,?,1997,Second hand,Second-hand; for Su-25UB combat aircraft,0.24,6,6
Peru,Belarus,1996,,18,,MiG-29S,FGA aircraft,18,,1997,Second hand,Probably second-hand; part of $252 m deal; ordered after experiences in 1995 war with Ecuador; incl 2 MiG-29UB trainer/combat version,11.4,205.2,205.2
Peru,Belarus,1996,,70,?,R-27R/T,BVRAAM,70,?,1997,Second hand,Probably second-hand; part of $252 m deal; R-27R version; for MiG-29 combat aircraft,0.08,5.32,5.32
Peru,Belarus,1996,,350,?,R-60,SRAAM,350,?,1997; 1998,New,Second-hand; for MiG-29; Su-22 and Su-25 combat aircraft,0.09,31.5,31.5
Peru,Belarus,2001,?,23,,R-60,SRAAM,23,,2002,New,Ex-Belarusian,0.09,2.07,2.07
Peru,Belarus,1996,?,18,,Su-25,ground attack aircraft,18,,1997,Second hand,Second-hand; part of $402 m deal; incl 8 Su-25UB; ordered in reaction to 1995 war with Ecuador; incl for anti-narcotics operations,4.6,82.8,82.8
Peru,Brazil,1993,,3,,EMB-110 Bandeirante,light transport aircraft,3,,1993,New,,2.65,7.95,7.95
Peru,Brazil,1984,,20,,EMB-312 Tucano,trainer aircraft,20,,1987,New,$32 m deal; incl for combat role (anti-narcotics operations),1.9,38,38
Peru,Brazil,1991,,10,,EMB-312 Tucano,trainer aircraft,10,,1991,New,$20 m deal; incl for combat role (anti-narcotics operations),1.9,19,19
Peru,Bulgaria,1994,?,417,,Igla-1,portable SAM,417,,1994; 1995; 1996,New,Deal also incl 56 launchers,0.07,29.19,29.19
Philippines,Belgium,1993,,12,,CM-90 90mm,tank turret,12,?,1996; 1997; 1998,New,For 12 V-300 IFV/ASFV from USA,0.6,7.2,7.2
Philippines,Belgium,2014,,24,,M-113,APC,24,,2015,Second hand but modernized,Second-hand but modernized before delivery; part of PHP882 m ($20 m) deal; incl 4 modified to IFV and 14 modified to AFSV (with second-hand Philippine turret),0.17,3.96,3.96
Philippines,Brazil,2017,,6,,EMB-314 Super Tucano,trainer/combat aircraft,6,,2020,New,PHP5 b ($100 m) deal; A-29B version; incl for combat role,4.5,27,27
Philippines,Brazil,2020,?,28,,VBTP Guarani,APC,5,,2022,New,$47 m 'Wheeled APC Acquisition Project'; delivery planned 2023-2024,0.3,8.4,1.5
Portugal,Belgium,1979,?,3,,T-33A Shooting Star,trainer aircraft,3,,1979,Second hand,Second-hand,1,3,3
Portugal,Brazil,2019,,5,,C-390 Millennium,transport aircraft,1,,2023,New,$920 m deal (incl 12 years support and production of components in Portugal); delivery planned 2023-2027,54,270,54
Qatar,Belgium,1996,,36,,LCTS-90 90mm,tank turret,36,?,1998; 1999,New,For 36 Piranha AFSV from UK,0.7,25.2,25.2
Qatar,Brazil,1991,?,18,?,ASTROS-2,self-propelled MRL,18,?,1992,New,,0.95,17.1,17.1
Qatar,Brazil,1978,,20,?,EE-9 Cascavel,armoured car,20,?,1979,New,,0.72,14.4,14.4
Qatar,Brazil,1991,,3,?,Fieldguard,fire control radar,3,?,1992,New,For use in TECTRAN fire control system for Brazilian supplied ASTROS-2 MRL,2,6,6
Romania,Bulgaria,1988,,42,?,2S1 122mm,SPG turret,42,?,1989; 1990; 1991; 1992,New,For M-89 (Model-1989) self-propelled gun produced in Romania,0.5,21,21
Rwanda,Belgium,1971,?,2,,PA-18 Super Cup,light aircraft,2,,1971,Second hand,Second-hand; aid; L-18C version,0.02,0.05,0.05
Rwanda,Belarus,1998,?,2,?,Mi-24V/Mi-35,combat helicopter,2,?,1999,Second hand,Second-hand,3.4,6.8,6.8
Rwanda,Belarus,1997,,2,,Mi-24V/Mi-35,combat helicopter,2,?,1998,Second hand,Second-hand,3.4,6.8,6.8
Saudi Arabia,Belgium,2014,,119,,Cockerill-3105 105mm,tank turret,65,?,2019; 2020; 2021; 2022; 2023,New,Part of EUR3.2 b deal; for 119 LAV-700 FSV AFSV from Canada,0.8,95.2,52
Saudi Arabia,Belgium,2006,?,10,?,LCTS-90 90mm,tank turret,10,?,2006,New,For Piranha (LAV-AG) AFSV from Canada,0.7,7,7
Saudi Arabia,Belgium,2000,,130,,LCTS-90 90mm,tank turret,130,?,2000; 2001; 2002; 2003; 2004,New,For 130 Piranha LAV-90 (LAV-AG) AFSV from Canada,0.7,91,91
Saudi Arabia,Belgium,2009,?,84,,LCTS-90 90mm,tank turret,84,?,2011; 2012; 2013; 2014,New,For 84 Piranha (LAV-90 or LAV-AG) AFSV from Canada,0.7,58.8,58.8
Saudi Arabia,Belgium,2014,,119,?,MCT,IFV turret,119,?,2019; 2020; 2021; 2022,New,Part of EUR3.2 b deal; for 119 LAV-700 IFV from Canada,0.7,83.3,83.3
Saudi Arabia,Brazil,1987,,76,?,ASTROS-2,self-propelled MRL,76,?,1987; 1988; 1989; 1990; 1991; 1992,New,$500 m deal (mainly for ammunition),0.95,72.2,72.2
Saudi Arabia,Brazil,2014,,10,?,ASTROS-2000,self-propelled MRL,10,?,2016,New,,1.1,11,11
Saudi Arabia,Bulgaria,2016,,24,,BTR-60P,APC,24,,2016; 2017,Second hand,Second-hand; designation uncertain (reported as 'BTR'); probably to be used by Saudi Arabia as aid to Syrian rebels or Yemen,0.08,1.92,1.92
Saudi Arabia,Bulgaria,2015,,2200,?,Fagot,anti-tank missile,2200,?,2015; 2017,New,Possibly second-hand; probably for Saudi aid to Syrian rebels or Yemen,0.01,22,22
Senegal,Bulgaria,2014,?,8,?,2B11 120mm,mortar,8,,2014,New,Possibly second-hand; designation uncertain (reported as '120mm mortar'),0.25,2,2
Senegal,Bulgaria,2015,?,24,,2B11 120mm,mortar,24,,2015,Second hand,Probably second-hand; designation uncertain (reported as 120mm mortar),0.1,2.4,2.4
Senegal,Bulgaria,2021,,12,,2B11 120mm,mortar,12,,2022,Second hand,Probably second-hand; designation uncertain (reported as '120mm mortar'),0.1,1.2,1.2
Serbia,Belgium,2021,?,600,?,FZ-275,ASM,0,,,New,For EC-145 helicopters,0.01,6,0
Serbia,Belarus,2017,,4,,MiG-29S,FGA aircraft,4,,2021,Second hand but modernized,Second-hand but modernized before delivery; aid,18.81,75.24,75.24
Sierra Leone,Belarus,1994,,2,?,Mi-24V/Mi-35,combat helicopter,2,?,1995,Second hand,Second-hand; $9 m deal; for use against RUF rebels; operated by Belarusian crew; possibly supplied from Ukraine,3.4,6.8,6.8
Sierra Leone,Belarus,1997,?,2,,Mi-24V/Mi-35,combat helicopter,2,,1997,Second hand,Second-hand,3.4,6.8,6.8
Singapore,Bangladesh,1984,,2,,Bell-205/UH-1D,helicopter,2,,1984,Second hand,Second-hand (modernized in Singapore before delivery); AB-205 version,0.88,1.76,1.76
Sri Lanka,Belgium,1990,,12,,SF-260,trainer aircraft,12,?,1990; 1991,Second hand,Second-hand Myanmar SF-260W version sold to Belgian company and resold to Sri Lanka; incl for use against LTTE rebels,0.1,1.15,1.15
Sudan,Belarus,2003,?,10,?,2S1 122mm,self-propelled gun,10,,2003,Second hand,Second-hand; Sudanese designation Abu Fatma,0.36,3.6,3.6
Sudan,Belarus,2002,?,12,?,BM-21 Grad 122mm,self-propelled MRL,12,,2002; 2003,Second hand,Second-hand; incl 10 BM-21b/9P138 version,0.24,2.88,2.88
Sudan,Belarus,2003,?,9,,BMP-2,IFV,9,,2003,Second hand,Second-hand,0.36,3.24,3.24
Sudan,Belarus,2003,?,39,?,BRDM-2,reconnaissance AV,39,,2003,Second hand,Second-hand,0.06,2.34,2.34
Sudan,Belarus,2006,?,2,,BTR-70,APC,2,,2007,Second hand but modernized,Second-hand but modernized to Kobra-K2 IFV before delivery,0.18,0.36,0.36
Sudan,Belarus,2014,?,70,?,BTR-70,APC,70,,2015; 2016; 2017,Second hand,Second-hand,0.11,7.56,7.56
Sudan,Belarus,2017,,6,,BTR-70,APC,6,,2018,Second hand but modernized,Second-hand but modernized to BTR-70MB before delivery,0.18,1.07,1.07
Sudan,Belarus,2002,?,24,?,D-30 122mm,towed gun,24,,2002; 2003,Second hand,Second-hand; supplier uncertain (possibly Slovakia but delivered or sold via Belarus),0.14,3.36,3.36
Sudan,Belarus,2022,?,5,?,Kaiman,APV,5,?,2022,New,,0.16,0.8,0.8
Sudan,Belarus,2014,?,3,?,Mi-24P/Mi-35P,combat helicopter,3,,2015; 2016,Second hand,Second-hand,3.6,10.8,10.8
Sudan,Belarus,1996,?,6,?,Mi-24V/Mi-35,combat helicopter,6,,1996,Second hand,Second-hand,3.4,20.4,20.4
Sudan,Belarus,2012,?,4,?,Mi-24V/Mi-35,combat helicopter,4,,2013; 2014,Second hand,Second-hand; incl Mi-24R version,3.4,13.6,13.6
Sudan,Belarus,2014,?,2,?,Mi-8T,transport helicopter,2,,2014,Second hand,Second-hand,2.4,4.8,4.8
Sudan,Belarus,2014,?,2,?,Mi-8T,transport helicopter,0,,,Second hand,Second-hand,2.4,4.8,0
Sudan,Belarus,2016,?,1,?,Mi-8T,transport helicopter,1,,2016,Second hand,Second-hand,2.4,2.4,2.4
Sudan,Belarus,2012,,8,?,Su-24,bomber aircraft,8,,2013; 2015; 2016,Second hand,Second-hand,14,112,112
Sudan,Belarus,2007,?,15,?,Su-25,ground attack aircraft,15,,2008; 2009; 2010,Second hand,Second-hand,4.6,69,69
Sudan,Belarus,2018,?,4,?,Su-25,ground attack aircraft,4,,2019,Second hand,Second-hand; incl 1 Su-25UB trainer/combat version,4.6,18.4,18.4
Sudan,Belarus,1996,?,9,?,T-55,tank,9,,1996,Second hand,Second-hand,0.5,4.5,4.5
Sudan,Belarus,1999,?,60,?,T-55AM-2,tank,60,,1999; 2001,Second hand,Second-hand,0.6,36,36
Suriname,Brazil,1983,?,15,?,EE-11 Urutu,APC,15,?,1984,New,Part of $15 m aid,0.24,3.67,3.67
Suriname,Brazil,1983,?,6,?,EE-9 Cascavel,armoured car,6,?,1984,New,Part of $15 m aid,0.72,4.32,4.32
Syria,Belarus,2003,?,300,?,Igla,portable SAM,300,?,2003,New,$30-100 m deal; supplier uncertain,0.08,24,24
Syria,Belarus,2008,?,33,?,MiG-23MS,fighter aircraft,33,?,2008,Second hand,Second-hand; possibly not (all) operational or for for spare parts only or Syrian aircraft overhauled/modernized in Belarus,5.2,171.6,171.6
Syria,Bulgaria,1992,,210,,2B11 120mm,mortar,210,,1992,New,Designation uncertain,0.25,52.5,52.5
Tajikistan,Bulgaria,2013,?,15,?,BM-21 Grad 122mm,self-propelled MRL,15,,2013,Second hand,Second-hand,0.24,3.6,3.6
Togo,Brazil,1975,,3,,MB-326GB,trainer/combat aircraft,3,,1976,New,$8 m deal (incl $2.1 m for training and support); EMB-326 Xavante version,2.35,7.05,7.05
Togo,Brazil,1978,,3,,MB-326GB,trainer/combat aircraft,3,,1978,New,EMB-326 Xavante version,2.35,7.05,7.05
Togo,Bulgaria,1996,?,6,,2S1 122mm,self-propelled gun,6,,1997,Second hand,Probably second-hand; probably meant for UNITA but stranded in Togo,0.36,2.16,2.16
Turkmenistan,Belarus,2015,?,10,?,BM-21 Grad 122mm,self-propelled MRL,10,,2016; 2017,Second hand,Second-hand,0.24,2.4,2.4
Turkmenistan,Belarus,2010,,4,?,Caracal,tank destroyer,4,?,2011,New,,0.5,2,2
Turkmenistan,Brazil,2019,?,5,,EMB-314 Super Tucano,trainer/combat aircraft,5,,2021,New,,4.5,22.5,22.5
Tunisia,Brazil,1982,,12,?,EE-11 Urutu AFSV,IFV,12,?,1983,New,,0.72,8.64,8.64
Tunisia,Brazil,1982,,6,?,EE-11 Urutu,APC,6,?,1983,New,,0.24,1.47,1.47
Tunisia,Brazil,1982,,24,?,EE-9 Cascavel,armoured car,24,?,1983,New,,0.72,17.28,17.28
Turkiye,Belgium,1981,,17,,F-104G Starfighter,FGA aircraft,17,?,1982; 1983,Second hand,Second-hand; aid,4.48,76.16,76.16
UAE,Brazil,2019,,24,,B-250LA,ground attack aircraft,0,,,New,AED2.3 b ($620 m) deal; developed for UAE and produced under licence in UAE,0,0,0
UAE,Brazil,2023,,40,,B-250T,trainer aircraft,0,,,New,Developed for UAE and produced under licence in UAE; delivery planned from 2026,0,0,0
UAE,Brazil,1982,,60,?,EE-11 Urutu,APC,60,?,1982; 1983,New,For Dubai; no. could be between 30 and 120,0.24,14.7,14.7
UAE,Bulgaria,2002,?,900,?,Konkurs,anti-tank missile,900,?,2003,New,For BTR-3U IFVs from Ukraine,0.02,18,18
Uganda,Belarus,2019,?,6,,BMP-2,IFV,6,,2020,Second hand,,0.36,2.16,2.16
Uganda,Belarus,1997,,2,,Mi-24P/Mi-35P,combat helicopter,2,,1998,Second hand,Second-hand; $9 m deal; 4 ordered but 2 cancelled after delivery of first 2 revealed aircraft not modernized as specified in contract,3.6,7.2,7.2
Uganda,Belarus,2017,?,2,?,Mi-24P/Mi-35P,combat helicopter,2,,2018; 2019,Second hand,Second-hand,3.6,7.2,7.2
Uganda,Belarus,2003,,3,,Mi-24V/Mi-35,combat helicopter,3,?,2004,Second hand,Probably second-hand but modernized to Mi-24PN in Russia before delivery; $10 m deal,3.4,10.2,10.2
Uganda,Belarus,2009,?,1,?,Mi-24V/Mi-35,combat helicopter,1,,2010,Second hand,Second-hand,3.4,3.4,3.4
Uganda,Belarus,2000,?,10,,T-55AM-2,tank,10,,2000,Second hand,Second-hand,0.6,6,6
Uganda,Belarus,2018,?,62,?,T-72,tank,62,,2019; 2020,Second hand,Second-hand; T-72A version,0.86,53.07,53.07
Uganda,Bulgaria,2015,,10,,2B11 120mm,mortar,10,,2015,Second hand,Probably second-hand; designation uncertain (reported as 120mm mortar),0.1,1,1
Uganda,Bulgaria,2010,,3,?,L-39Z Albatros,trainer/combat aircraft,3,?,2012,Second hand,Second-hand but probably modernized in Ukraine; L-39ZA version,2,6,6
Uganda,Bulgaria,2018,?,2,,L-39Z Albatros,trainer/combat aircraft,2,,2018,Second hand,Second-hand,2,4,4
Uganda,Bulgaria,2015,?,12,?,9M115 Metis,anti-tank missile,12,,2016,New,9M115M version; possibly for evaluation,0.01,0.12,0.12
Uganda,Bulgaria,1998,?,28,?,T-55,tank,28,?,1998,Second hand,Second-hand; part of $35 m deal for 90 incl some bought by Bulgaria from Ukraine and possibly Romania for export to Uganda,0.5,14,14
Uganda,Bulgaria,2021,?,31,?,T-55,tank,31,,2022,Second hand,Second-hand,0.5,15.5,15.5
United Kingdom,Belgium,2012,,2,,BAe-146,transport aircraft,2,,2013,Second hand,Second-hand; BAe-146-200QC version; UK designation BAe-146 C-3; acquired for use in Afghanistan,10,20,20
United Kingdom,Brazil,1985,,130,,EMB-312 Tucano,trainer aircraft,130,?,1987; 1988; 1989; 1990; 1991; 1992; 1993,New,$145-150 m deal; produced under licence in UK; UK designation Tucano T-1; option on 15 more not used,1.9,247,247
United Kingdom,Brazil,2016,,5,,Phenom-100,light transport aircraft,5,?,2017; 2018,New,Part of 'MFTS' programme; for UK company for training of UK armed forces in 'MFTS' programme; UK designation Phenom T-1,2.3,11.5,11.5
Ukraine,Belgium,2022,?,15,,AIM-120B AMRAAM,BVRAAM,15,,2023,Second hand,Second-hand; aid after 2022 Russian invasion of Ukraine; for NASAMS SAM systems,0.16,2.4,2.4
Ukraine,Belgium,2023,,5,,BPz-2,ARV,0,,,Second hand,Second-hand; financed by German aid,0.56,2.8,0
Ukraine,Belgium,2023,?,,,F-16C,FGA aircraft,0,,,Second hand,Second-hand; aid after 2022 Russian invasion of Ukraine; F-16AM version (incl some F-16BM/F-16D); delivery planned from 2025,11.4,0,0
Ukraine,Belgium,2023,,27,,Leopard-1A5,tank,0,,,Second hand,Second-hand; financed by German aid; incl 2 driver training version,1.04,28.08,0
Ukraine,Belgium,2023,,80,,LMV,APV,80,,2023,Second hand,Second-hand; aid after 2022 Russian invasion of Ukraine,0.06,4.8,4.8
Ukraine,Belgium,2022,,28,?,M-109A1 155mm,self-propelled gun,28,?,2022,Second hand,Second-hand; financed by UK aid after 2022 Russian invasion of Ukraine; M-109A4BE version,0.44,12.32,12.32
Ukraine,Belgium,2023,,40,?,M-113,APC,40,?,2023,Second hand,Second-hand; aid after 2022 Russian invasion of Ukraine; financed by Belgium; Luxemburg and Netherlands aid,0.1,4,4
Ukraine,Belgium,2022,,136,,M-113,APC,136,?,2022; 2023,Second hand,Second-hand; aid after 2022 Russian invasion of Ukraine; financed by UK aid,0.1,13.6,13.6
Ukraine,Belgium,2022,?,50,?,MILAN,anti-tank missile,50,?,2022,Second hand,Second-hand; aid after 2022 Russian invasion of Ukraine,0,0.2,0.2
Ukraine,Belgium,2023,,25,?,Mistral,portable SAM,25,?,2023,Second hand,Second-hand; aid after 2022 Russian invasion of Ukraine,0.04,0.9,0.9
Ukraine,Belgium,2022,,4,,MO-120-RT 120mm,mortar,4,,2022,Second hand,Second-hand; aid after 2022 Russian invasion of Ukraine,0.12,0.48,0.48
Ukraine,Bulgaria,2023,,100,?,BTR-60PB,APC,0,,,Second hand,Second-hand; aid after 2022 Russian invasion of Ukraine,0.1,10,0
United Nations**,Belgium,2006,,15,,Pandur,APC,15,,2006,Second hand,Loan; for use by Benin forces in UN operations in DRC,0.12,1.8,1.8
Uruguay,Belgium,1980,,20,?,FN-4RM/62F,armoured car,20,?,1981,Second hand,Second-hand,0.16,3.2,3.2
Uruguay,Belgium,2007,,3,?,M-113,APC,3,,2008,Second hand,Second-hand; EUR250000 deal,0.1,0.3,0.3
Uruguay,Belgium,1981,,22,,M-41 Walker Bulldog,light tank,22,,1981,Second hand but modernized,Second-hand but modernized before delivery,0.73,15.97,15.97
Uruguay,Brazil,2005,,1,,AS-355/AS-555 Fennec,light helicopter,1,,2006,Second hand but modernized,Second-hand; $0.65 m deal; modernized before delivery; AS-355F2 version,0.86,0.86,0.86
Uruguay,Brazil,2019,,11,,EE-11 Urutu,APC,11,,2022,Second hand,Second-hand; aid,0.11,1.21,1.21
Uruguay,Brazil,1980,?,18,?,EE-11 Urutu,APC,18,?,1980,New,Incl some with 60mm mortar,0.24,4.41,4.41
Uruguay,Brazil,1982,?,16,?,EE-3 Jararaca,reconnaissance AV,16,?,1983,New,,0.14,2.24,2.24
Uruguay,Brazil,1984,?,15,,EE-9 Cascavel,armoured car,15,?,1985,New,,0.72,10.8,10.8
Uruguay,Brazil,1978,,1,,EMB-110 Bandeirante,light transport aircraft,1,,1978,New,For photographic survey,2.65,2.65,2.65
Uruguay,Brazil,1975,,5,,EMB-110 Bandeirante,light transport aircraft,5,,1976,New,EMB-110C version,2.65,13.25,13.25
Uruguay,Brazil,2008,?,1,,EMB-120 Brasilia,transport aircraft,1,,2009,New,Uruguayan designation C-120,6.25,6.25,6.25
Uruguay,Brazil,2020,?,10,,M-108 VBCL,APC,10,,2022,Second hand,Second-hand; aid,0.12,1.2,1.2
Uruguay,Brazil,2013,?,15,,M-41B,light tank,15,,2018,Second hand,Second-hand (deal incl 10 more for spare parts); aid; M-41C version,0.48,7.2,7.2
United States,Brazil,2020,,3,,EMB-314 Super Tucano,trainer/combat aircraft,3,,2021; 2022,New,'Combat Aviation Advisor' programme; A-29B version; produced under licence in USA,4.5,13.5,13.5
United States,Bulgaria,2013,?,610,?,Fagot,anti-tank missile,610,,2014,New,Possibly second-hand; possibly for US aid to Syrian rebels or Iraq,0.01,6.1,6.1
United States,Bulgaria,2002,,1,,Mi-17,transport helicopter,1,,2002,Second hand,Second-hand,2.9,2.9,2.9
United States,Bulgaria,2002,,2,?,Mi-24D/Mi-25,combat helicopter,2,?,2003,Second hand,Second-hand,3.3,6.6,6.6
Soviet Union,Bulgaria,1990,?,3,,MiG-25RB,reconnaissance aircraft,3,,1991,Second hand,Second-hand; exchanged for 5 MiG-23BN fighter aircraft,12,36,36
Venezuela,Brazil,1983,,38,?,EE-11 Urutu,APC,38,?,1984,New,Incl IFV; ARV and command post versions,0.24,9.31,9.31
Venezuela,Brazil,1986,,32,,EMB-312 Tucano,trainer aircraft,32,?,1986; 1987,New,$53 m deal; incl 12 A-27 version for combat role,1.9,60.8,60.8
Viet Nam,Belarus,2008,?,5,?,S-125T Pechora-2T,SAM system,5,?,2014; 2015; 2016,New,Vietnamese S-125 (SA-3) rebuilt to S-125TM Pechora-2TM,30,150,150
Viet Nam,Belarus,2013,,20,?,Vostok-E,air search radar,20,?,2017; 2018; 2019; 2020; 2021; 2022; 2023,New,Assembled or produced under licence in Viet Nam as RV-02,7.5,150,150
unknown recipient(s),Brazil,2010,?,50,?,SMKB,guided bomb,50,?,2013,New,Recipient is South American country (possibly Ecuador or Peru),0.02,1,1
unknown recipient(s),Bulgaria,2011,?,3,?,L-39Z Albatros,trainer/combat aircraft,3,?,2013,Second hand,Second-hand; L-39ZA version,2,6,6
Southern rebels (Yemen)*,Bulgaria,1994,,10,,PM-43 120mm,mortar,10,?,1994,Second hand,Designation uncertain; probably Second-hand,0.1,1,1
Southern rebels (Yemen)*,Bulgaria,1994,?,6,,T-55,tank,6,,1994,Second hand,Second-hand,0.5,3,3
Southern rebels (Yemen)*,Bulgaria,1994,,56,,T-62,tank,56,,1994,Second hand,Second-hand; $20 m deal,0.72,40.32,40.32
Yemen,Belarus,2000,?,27,,T-72B,tank,27,,2000,Second hand but modernized,Second-hand; modernized before delivery,1.72,46.33,46.33
Yemen,Belarus,2009,?,92,?,T-80,tank,92,?,2010; 2011; 2012,Second hand but modernized,Second-hand but probably modernized before delivery; T-80B version,1.98,182.16,182.16
Yemen,Belarus,2009,?,68,,vehicle engine,vehicle engine,68,?,2010; 2011,Second hand but modernized,Second-hand (modernized in Ukraine before delivery); SG-1000 (1200hp) gas turbine; spares for T-80 tanks,0.2,13.46,13.46
Zimbabwe,Belgium,1977,?,17,?,SF-260,trainer aircraft,17,?,1978,Second hand,Second-hand; 14 possibly supplied from other country; incl SF-260W armed version; Zimbabwan designation Genet,0.1,1.63,1.63
Zimbabwe,Brazil,1983,,90,,EE-9 Cascavel,armoured car,90,?,1984; 1985; 1986; 1987,New,Option on 60 more not used,0.72,64.8,64.8
Zimbabwe,Bulgaria,1999,?,60,,PM-43 120mm,mortar,60,,2000,Second hand,Designation uncertain; probably Second-hand,0.1,6,6