Katanga,Belgium,1960,,1,,DH-114 Heron,light transport aircraft,1,,1960,Second hand,Second-hand,0.6,0.6,0.6
Katanga,Belgium,1960,,8,,T-6 Texan,trainer aircraft,8,,1960,Second hand,Second-hand,0.1,0.8,0.8
Katanga,France,1960,?,3,?,CM-170 Magister,trainer aircraft,3,,1961,New,Originally 9 ordered; but only 3 to 6 delivered,1,3,3
Katanga,Germany,1960,?,5,,Do-28B,light transport aircraft,5,,1961,New,,0.6,3,3
Katanga,South Africa,1961,?,5,,PA-20 Pacer,light aircraft,5,,1961,Second hand,Second-hand,0.02,0.12,0.12
Katanga,unknown supplier(s),1961,?,2,,C-47 Skytrain,transport aircraft,2,,1961,Second hand,Second-hand,1,2,2
Kazakhstan,Canada,2012,,4,?,aircraft engine,aircraft engine,4,?,2013,New,Pratt & Whitney Canada PW-127G (2650hp) turboprop for 2 C-295 transport aircraft from Spain,0.75,3,3
Kazakhstan,Canada,2013,,4,?,aircraft engine,aircraft engine,4,,2014,New,Pratt & Whitney Canada PW-127G (2650hp) turboprop for 2 C-295 transport aircraft from Spain,0.75,3,3
Kazakhstan,Canada,2015,,4,?,aircraft engine,aircraft engine,4,?,2016,New,Pratt & Whitney Canada PW-127G (2650hp) turboprop for 2 C-295 transport aircraft from Spain,0.75,3,3
Kazakhstan,Canada,2017,,4,?,aircraft engine,aircraft engine,4,?,2017,New,Pratt & Whitney Canada PW-127G (2650hp) turboprop for 2 C-295 transport aircraft from Spain,0.75,3,3
Kazakhstan,Canada,2022,,2,,aircraft engine,aircraft engine,2,,2023,New,Pratt & Whitney Canada PW-127G (2650hp) turboprop for 1 C-295 transport aircraft from Spain,0.75,1.5,1.5
Kazakhstan,China,2015,,50,?,Blue Arrow-7,anti-tank missile,50,?,2016,New,For Wing Loong-2 UCAV,0.04,2,2
Kazakhstan,China,2015,?,3,?,Wing Loong-1,armed UAV,3,,2016,New,,3,9,9
Kazakhstan,Czechia,2022,,2,,L-410 Turbolet,light transport aircraft,2,,2023,New,L-410UVP-E20 version,2.6,5.2,5.2
Kazakhstan,France,2014,?,20,?,Ground Master-400,air search radar,1,?,2023,New,Produced under licence in Kazakhstan as Nur,13,260,13
Kazakhstan,France,2013,,1,,Ground Master-400,air search radar,1,,2014,New,,13,13,13
Kazakhstan,Germany,2010,,12,?,EC145,light helicopter,12,?,2011; 2012; 2013; 2014; 2015; 2016; 2017,New,Incl assembly in Kazakhstan as KH-145 (more delivered to non-military government agencies),3.25,39,39
Kazakhstan,Germany,2021,,8,,TP400-D6,turboprop,0,,,New,For 2 A400M transport aircraft from Spain,3,24,0
Kazakhstan,Israel,2007,?,18,?,CARDOM 120mm,mortar,18,?,2008; 2009,New,Part of $120m deal; Kazakh 2B11 mortars rebuilt to Cardom version for use on Kazakh MT-LB APC; Kazakh designation Aybat,0.25,4.5,4.5
Kazakhstan,Israel,2007,?,50,?,EXTRA,guided rocket/SSM,50,?,2008; 2009,New,For Lynx MRL,0.15,7.5,7.5
Kazakhstan,Israel,2007,?,10,?,Litening,aircraft EO system,10,?,2009; 2010,New,Litening-3 version; for Su-27 combat aircraft modernized in Belarus to Su-27M2,1,10,10
Kazakhstan,Israel,2006,?,18,?,Lynx,self-propelled MRL,18,?,2008; 2009,New,$30 m deal; Kazakh designation Nayza,1.1,19.8,19.8
Kazakhstan,Israel,2017,?,20,?,SandCat,APV,20,?,2018; 2019,New,Produced under licence in Kazakhstan as Alan,0.14,2.8,2.8
Kazakhstan,Israel,2006,?,6,?,Semser 122mm,self-propelled gun,6,?,2008; 2009,New,Part of $120m deal; Kazakh D-30 towed guns rebuilt to Semser self-propelled version on truck chassis from Russia,0.7,4.2,4.2
Kazakhstan,South Korea,2005,,3,,Sea Dolphin,patrol craft,3,,2006,Second hand,Second-hand; aid; armament removed before delivery,4.8,14.4,14.4
Kazakhstan,Russia,1998,,40,?,5V55U,SAM,40,?,2000,Second hand,Second-hand,0.4,16,16
Kazakhstan,Russia,2013,?,200,?,5V55U,SAM,200,?,2015,Second hand,Probably second-hand; aid,0.4,80,80
Kazakhstan,Russia,2017,?,100,?,9M317,SAM,100,?,2021,New,For Buk-M2 SAM systems,0.25,25,25
Kazakhstan,Russia,2021,?,200,?,9M338,SAM,200,?,2022; 2023,New,For 8 Tor-M2K SAM systems,0.25,50,50
Kazakhstan,Russia,2007,,3,?,ANSAT,light helicopter,3,?,2008; 2009,New,,2.9,8.7,8.7
Kazakhstan,Russia,2010,?,120,?,9M120 Ataka,anti-tank missile,120,?,2011; 2012; 2013,New,For BMPT AFSV,0.04,4.8,4.8
Kazakhstan,Russia,2010,?,10,?,BMPT Terminator,AFSV,10,?,2011; 2012; 2013,New,,2.6,26,26
Kazakhstan,Russia,2006,,18,,BPM-97,APC,18,,2008,New,Probably for border guard,0.15,2.7,2.7
Kazakhstan,Russia,2006,,1,?,BTR-80,APC,1,,2008,New,,0.35,0.35,0.35
Kazakhstan,Russia,2011,?,17,?,BTR-80,APC,17,,2012,New,,0.35,5.95,5.95
Kazakhstan,Russia,2003,?,14,?,BTR-80A,IFV,14,,2004; 2005,New,,0.9,12.6,12.6
Kazakhstan,Russia,2007,,79,?,BTR-80A,IFV,79,?,2007; 2008; 2010,New,Possibly $40 m deal,0.9,71.1,71.1
Kazakhstan,Russia,2010,?,44,?,BTR-82A,IFV,44,?,2011; 2012,New,,0.95,41.8,41.8
Kazakhstan,Russia,2012,?,90,,BTR-82A,IFV,90,?,2015; 2016; 2017,New,,0.95,85.5,85.5
Kazakhstan,Russia,2018,,1,,Buk-M2,SAM system,1,,2021,New,Buk-M2E version,60,60,60
Kazakhstan,Russia,2010,?,20,?,Igla-1,portable SAM,20,?,2013; 2014,New,For Project-22180 patrol craft,0.07,1.4,1.4
Kazakhstan,Russia,1998,,1,,Il-76M,heavy transport aircraft,1,,2000,Second hand,Second-hand,34,34,34
Kazakhstan,Russia,1995,?,13,?,L-39C Albatros,trainer aircraft,13,?,1996; 2000,Second hand,Second-hand; payment for Russian debt to Kazakhstan,1.8,23.4,23.4
Kazakhstan,Russia,2013,,1,,Project-10750/Lida,MCM ship,1,,2017,New,Kazakh designation Alatau,17.5,17.5,17.5
Kazakhstan,Russia,2002,?,3,?,Mi-17,transport helicopter,3,?,2002,New,Mi-17V-5 version,7.25,21.75,21.75
Kazakhstan,Russia,2002,?,14,?,Mi-17,transport helicopter,14,?,2004; 2005; 2006; 2007,New,$63 m deal; Mi-17 version; for anti-terrorist and anti-narcotics operations,7.25,101.5,101.5
Kazakhstan,Russia,2007,,12,?,Mi-17,transport helicopter,12,?,2009; 2010; 2011; 2012,New,Mi-17V-5 version,7.25,87,87
Kazakhstan,Russia,2012,?,10,?,Mi-17,transport helicopter,10,,2013; 2014; 2015,New,Mi-171Sh armed version; for border guard,7.25,72.5,72.5
Kazakhstan,Russia,2016,,3,?,Mi-17,transport helicopter,3,?,2016; 2017,New,Mi-17Sh version; for border guard,7.25,21.75,21.75
Kazakhstan,Russia,2015,,4,,Mi-35M,combat helicopter,4,?,2016,New,,11.5,46,46
Kazakhstan,Russia,2017,,4,,Mi-35M,combat helicopter,4,?,2018,New,,11.5,46,46
Kazakhstan,Russia,2018,,4,,Mi-35M,combat helicopter,4,,2020,New,,11.5,46,46
Kazakhstan,Russia,2022,,4,?,Mi-35M,combat helicopter,1,?,2023,New,,11.5,46,11.5
Kazakhstan,Russia,1995,,12,?,MiG-29,fighter aircraft,12,?,1995,Second hand,Ex-Russian; payment for debt,8.26,99.12,99.12
Kazakhstan,Russia,2007,,2,?,N-001 Myech,combat aircraft radar,2,?,2010,New,N-001V version: for 2 Su-27UB combat aircraft modernized to Su-27UBM2 in Belarus,2,4,4
Kazakhstan,Russia,2009,,3,,Project-22180,patrol craft,3,?,2010; 2013; 2014,New,Kazakh designation Sardar,14,42,42
Kazakhstan,Russia,1998,,1,,S-300P,SAM system,1,,2000,Second hand,Second-hand,15,15,15
Kazakhstan,Russia,2013,?,5,?,S-300PS,SAM system,5,?,2015,Second hand,Second-hand (but possibly modernized before delivery); aid as part of unified Russia-Belarus-Kazakhstan air defence network,17,85,85
Kazakhstan,Russia,1995,,14,?,Su-25,ground attack aircraft,14,?,1997,Second hand,Second-hand; payment for Russian debt to Kazakhstan,4.6,64.4,64.4
Kazakhstan,Russia,1995,?,14,?,Su-27S,FGA aircraft,14,,1999; 2000; 2001,Second hand,Second-hand; payment for debt,17,238,238
Kazakhstan,Russia,2014,?,4,,Su-30MK,FGA aircraft,4,,2015,New,Su-30SM version,55,220,220
Kazakhstan,Russia,2015,?,8,,Su-30MK,FGA aircraft,8,,2016; 2017; 2018,New,Su-30SM version,55,440,440
Kazakhstan,Russia,2017,,12,,Su-30MK,FGA aircraft,10,,2019; 2020; 2022,New,Su-30SM version,55,660,550
Kazakhstan,Russia,2010,?,21,?,Tigr,APV,21,?,2011; 2012,New,,0.15,3.15,3.15
Kazakhstan,Russia,2018,?,23,?,Tigr,APV,23,,2018; 2022,New,,0.15,3.45,3.45
Kazakhstan,Russia,2021,?,8,?,Tor-M1,mobile SAM system,8,?,2022; 2023,New,Tor-M2K version,12.5,100,100
Kazakhstan,Russia,2010,?,3,?,TOS-1,self-propelled MRL,3,?,2011,New,,1.2,3.6,3.6
Kazakhstan,South Africa,2013,,90,?,Marauder,APC,90,?,2016; 2017; 2018,New,Produced under licence in Kazakhstan as Arlan,0.22,19.8,19.8
Kazakhstan,South Africa,2018,,41,?,Marauder,APC,41,?,2019; 2020,New,Produced under licence in Kazakhstan as Arlan,0.22,9.02,9.02
Kazakhstan,South Africa,2020,?,,,Mbombe-6,IFV,0,,,New,Barys version; assembled or produced under licence in Kazakhstan,0.62,0,0
Kazakhstan,Spain,2021,,2,,A400M Atlas,transport aircraft,0,,,New,Delivery from 2024,85,170,0
Kazakhstan,Spain,2012,,2,,C-295,transport aircraft,2,,2013,New,,12.5,25,25
Kazakhstan,Spain,2013,,2,,C-295,transport aircraft,2,,2014,New,,12.5,25,25
Kazakhstan,Spain,2015,?,2,,C-295,transport aircraft,2,?,2016,New,,12.5,25,25
Kazakhstan,Spain,2017,,2,,C-295,transport aircraft,2,,2017,New,,12.5,25,25
Kazakhstan,Spain,2022,?,1,,C-295,transport aircraft,1,,2023,New,,12.5,12.5,12.5
Kazakhstan,Turkiye,2001,,1,,AB-25,patrol craft,1,,2001,Second hand,Second-hand; aid,3.4,3.4,3.4
Kazakhstan,Turkiye,1999,,1,,AB-25,patrol craft,1,,1999,Second hand,Second-hand; aid,3.4,3.4,3.4
Kazakhstan,Turkiye,2021,,3,,Anka,armed UAV,3,?,2022; 2023,New,Anka-S version,3,9,9
Kazakhstan,Turkiye,2022,,,,Anka,armed UAV,0,,,New,Assembled/produced under licence in Kazakhstan; delivery planned from 2024,3,0,0
Kazakhstan,Turkiye,2012,?,7,,Cobra,APV,7,,2012,New,,0.15,1.05,1.05
Kazakhstan,Turkiye,2012,,40,?,Cobra,APV,40,?,2014,New,Possibly incl assembly in Kazakhstan,0.15,6,6
Kazakhstan,Turkiye,2016,,131,?,SARP-Dual,IFV turret,131,?,2016; 2017; 2018; 2019; 2020,New,For Marauder (Arlan) APC from South Africa; possibly assembled or produced under licence in Kazakhstan,0.05,6.55,6.55
Kazakhstan,Ukraine,2010,?,2,,An-72A,transport aircraft,2,?,2011; 2012,Second hand,Second-hand,10,20,20
Kazakhstan,Ukraine,2012,,2,,An-74,transport aircraft,2,?,2013,New,An-74TK-200 version,26,52,52
Kazakhstan,Ukraine,2005,?,2,?,BTR-3,IFV,2,,2005,New,BTR-3E version,1,2,2
Kazakhstan,Ukraine,1999,?,3,?,Kh-29,ASM,3,?,1999,Second hand,Second-hand,0.08,0.24,0.24
Kazakhstan,Ukraine,2013,?,40,?,R-2,anti-tank missile,40,?,2013; 2014,New,For 2 Project-22180 patrol craft from Russia,0.04,1.6,1.6
Kazakhstan,Ukraine,1999,?,4,?,R-23,SRAAM,4,?,1999,Second hand,Second-hand,0.05,0.19,0.19
Kazakhstan,Ukraine,2005,?,50,?,R-27R/T,BVRAAM,50,,2005; 2006; 2007,New,,0.19,9.5,9.5
Kazakhstan,Ukraine,2011,?,24,?,R-27R/T,BVRAAM,24,,2012; 2013,New,R-27ER (AA-10C) version,0.19,4.56,4.56
Kazakhstan,Ukraine,1999,?,4,?,R-73,SRAAM,4,?,1999,Second hand,Second-hand,0.06,0.24,0.24
Kazakhstan,United States,2007,,40,?,HMMWV-UA,APV,40,?,2008; 2009,New,M-1151 version,0.13,5.2,5.2
Kazakhstan,United States,2003,?,6,,UH-1H Huey-2,helicopter,6,?,2004,New,Second-hand UH-1H rebuilt to Huey-2; aid against terrorists,3.1,18.6,18.6
Kazakhstan,United States,2011,,4,,UH-1H Huey-2,helicopter,4,,2012; 2014; 2016; 2017,New,Second-hand UH-1H rebuilt to UH-1H-2 before delivery,3.1,12.4,12.4
Kazakhstan,United States,2007,,2,,UH-1H Huey-2,helicopter,2,?,2007,New,Second-hand UH-1H rebuilt to Huey-2,3.1,6.2,6.2
Kenya,Canada,1989,,3,?,Dash-8,transport aircraft,3,?,1990,New,Dash-8-100 version,9,27,27
Kenya,Canada,1964,?,3,?,DHC-2 Beaver,light transport aircraft,3,?,1964,New,,0.38,1.14,1.14
Kenya,Canada,1966,?,8,?,DHC-2 Beaver,light transport aircraft,8,?,1966,New,,0.38,3.04,3.04
Kenya,Canada,1964,?,4,,DHC-4 Caribou,transport aircraft,4,,1965,New,,3.75,15,15
Kenya,Canada,1970,?,2,,DHC-4 Caribou,transport aircraft,2,,1972,New,,3.75,7.5,7.5
Kenya,Canada,1976,,6,,DHC-5 Buffalo,transport aircraft,6,,1977; 1978,New,,13.22,79.32,79.32
Kenya,Canada,1986,,4,,DHC-5 Buffalo,transport aircraft,4,?,1986; 1987,New,Financed by Canada,13.22,52.88,52.88
Kenya,China,2009,,4,?,AS365/AS565 Panther,helicopter,4,?,2010,New,Z-9WA armed version,3.25,13,13
Kenya,China,2012,,5,,AS365/AS565 Panther,helicopter,5,,2014; 2015,New,Z-9WA armed version,3.25,16.25,16.25
Kenya,China,2016,?,25,,CS/VP3,APC,25,,2016,New,For police,0.3,7.5,7.5
Kenya,China,2018,?,5,?,CS/VP-14,APC,5,?,2018,New,,0.16,0.8,0.8
Kenya,China,2015,,35,?,VN-4,APC/APV,35,,2016,New,For police,0.16,5.6,5.6
Kenya,China,2006,?,32,,WZ-551,APC,32,,2007,New,,0.35,11.2,11.2
Kenya,China,1996,,6,,Y-12,light transport aircraft,6,?,1997,New,,2.5,15,15
Kenya,China,1999,?,6,,Y-12,light transport aircraft,6,,2000,New,,2.5,15,15
Kenya,France,1970,?,15,?,AML,armoured car,15,?,1971,New,,0.7,10.5,10.5
Kenya,France,1988,,67,,AML,armoured car,67,,1989,New,FFR354 m ($60 m) deal; 37 AML-60 and 30 AML-90 version,0.7,46.9,46.9
Kenya,France,2018,?,12,,Bastion,APC/APV,12,,2018,New,Financed by USA aid,0.16,1.92,1.92
Kenya,France,1974,?,12,,M-3 VTT,APC,12,?,1974,New,Incl 3 M-3 VPC CP and 6 M-3 VAT ARV version,0.16,1.92,1.92
Kenya,France,1980,?,400,?,MILAN,anti-tank missile,400,?,1980,New,Deal incl also 40 launchers,0.01,4,4
Kenya,France,1984,?,20,?,Otomat-2,anti-ship missile,20,?,1987,New,For Province (Nyayo) FAC,1.1,22,22
Kenya,France,2011,,1,,P-400,patrol craft,1,,2011,Second hand,Second-hand,7.6,7.6,7.6
Kenya,France,1965,,3,,SA-313B Alouette-2,light helicopter,3,,1967,New,SA-318C version,0.7,2.1,2.1
Kenya,France,1976,,4,,SA-330 Puma,helicopter,4,?,1976; 1977,New,,6,24,24
Kenya,France,1976,?,2,,SA-342 Gazelle,light helicopter,2,,1977,New,,0.85,1.7,1.7
Kenya,Germany,1990,,1,,Bo-105,light helicopter,1,,1990,New,For police,1.2,1.2,1.2
Kenya,Germany,1977,,6,,Do-28D Skyservant,light transport aircraft,6,?,1977; 1978,New,,0.9,5.4,5.4
Kenya,Germany,1979,?,2,,Do-28D Skyservant,light transport aircraft,2,,1980,New,,0.9,1.8,1.8
Kenya,Germany,2013,,6,,G-120,trainer aircraft,6,,2013,New,G-120A-K version; option on 6 more,0.24,1.44,1.44
Kenya,Germany,2020,,9,,G-120TP,trainer aircraft,9,,2021,New,,0.4,3.6,3.6
Kenya,Germany,1977,?,52,?,UR-416,APC,52,?,1978; 1979; 1980,New,,0.15,7.8,7.8
Kenya,Israel,1981,?,30,?,Gabriel-2,anti-ship missile,30,?,1982; 1983,New,For modernized Brooke-32m (Madaraka) and Brooke-37.5m (Mamba) patrol craft,0.6,18,18
Kenya,Italy,2018,?,3,,AW139,helicopter,3,?,2019; 2020,New,$59 m deal; probably incl 1 for VIP transport,6,18,18
Kenya,Italy,2017,,3,,C-27J Spartan,transport aircraft,3,,2020,New,,16,48,48
Kenya,Italy,1984,?,2,,Compact 76mm,naval gun,2,,1987,New,For 2 Province (Nyayo) FAC from UK,2.5,5,5
Kenya,Italy,1996,?,2,,Compact 76mm,naval gun,2,?,1997,New,For 2 Shujaa patrol craft from Spain,2.5,5,5
Kenya,Italy,1975,?,8,?,Model-56 105mm,towed gun,8,?,1976,New,Supplier uncertain (possibly second-hand from UK),0.45,3.6,3.6
Kenya,Italy,1973,?,3,,Orion RTN-10X,fire control radar,3,,1975,New,For 3 Brooke-32m (Madaraka) patrol craft from UK,2.25,6.75,6.75
Kenya,Italy,1972,?,1,,Orion RTN-10X,fire control radar,1,,1974,New,For 1 Brooke-37.5m (Mamba) patrol craft from UK,2.25,2.25,2.25
Kenya,Jordan,2016,?,3,?,AH-1F Cobra,combat helicopter,3,?,2017,Second hand,Second-hand; aid,3,9,9
Kenya,Jordan,2007,?,15,,F-5E Tiger-2,FGA aircraft,15,?,2010; 2012,Second hand but modernized,Second-hand but modernized before delivery; incl 2 F-5F version; $38 m deal (incl $14.9 m for aircraft and $23 m for modernization by US company),6.93,103.95,103.95
Kenya,South Korea,2021,,16,,Hughes-500D/MD,light helicopter,0,,,Second hand,Second-hand; aid for Kenyan UN peacekeeping operations; MD-500MD armed version; delivery probably planned 2024,0.28,4.54,0
Kenya,Montenegro,2016,?,1,,AK-630 30mm,naval gun,1,,2017,Second hand,Second-hand; for modernization of Jasiri OPV,0.4,0.4,0.4
Kenya,Montenegro,2016,?,1,,SAK-70 Mk-1 57mm,naval gun,1,,2017,Second hand,Second-hand; for modernization of Jasiri OPV,0.9,0.9,0.9
Kenya,Romania,1977,?,9,?,SA-330 Puma,helicopter,9,?,1978; 1979; 1980,New,IAR-330 version; no. could be up to 16,6,54,54
Kenya,Russia,2010,,3,,Mi-17,transport helicopter,3,,2011,New,Mi-171E armed version,7.25,21.75,21.75
Kenya,Russia,2011,?,1,,Mi-17,transport helicopter,1,,2012,New,Mi-171E armed version,7.25,7.25,7.25
Kenya,South Africa,2010,,67,?,Puma M-26,APC,67,?,2011; 2012,New,KES1.6 b ($20 m) deal,0.16,10.72,10.72
Kenya,Serbia,2012,?,10,?,BOV M11,APC,10,?,2014; 2015,New,BOV M-11 version,0.2,2,2
Kenya,Serbia,2012,?,18,?,Nora-B-52 155mm,self-propelled gun,18,?,2014; 2015,New,,1.5,27,27
Kenya,Spain,1994,,2,,Galana,landing ship,2,,1994,New,,15,30,30
Kenya,Spain,2003,,1,,Jasiri,OPV,1,,2012,New,KES4.6 b ($60 m) deal (not incl KES2 b for armament); ordered as civilian ship to be armed in Kenya; delivery delayed 2006-2012 due to corruption investigation; Kenyan designation Jasiri,35,35,35
Kenya,Spain,1992,?,2,,Shujaa,patrol craft,2,,1997,New,,20.5,41,41
Kenya,UAE,2017,,8,?,AS-350/AS-550 Fennec,light helicopter,8,,2018,Second hand,Second-hand; aid; AS-550C3 version,0.36,2.88,2.88
Kenya,UAE,2022,,6,,Guardian,APC,6,,2022,New,Guardian Xtreme version; for African Union (ATMIS) peacekeeping forces; supplier uncertain,0.18,1.08,1.08
Kenya,United Kingdom,1973,,3,,Brooke-32m,patrol craft,3,,1975,New,Kenyan designation Madaraka,6,18,18
Kenya,United Kingdom,1971,?,1,,Brooke-37.5m,patrol craft,1,,1974,New,Kenyan designation Mamba,8.5,8.5,8.5
Kenya,United Kingdom,1975,?,9,,Bulldog,trainer aircraft,9,?,1976; 1977,New,Bulldog-127 version,0.24,2.16,2.16
Kenya,United Kingdom,1969,,5,,Bulldog,trainer aircraft,5,,1972,New,Bulldog-103 version,0.24,1.2,1.2
Kenya,United Kingdom,1964,,6,,DHC-1 Chipmunk,trainer aircraft,6,,1964,Second hand,Second-hand; probably aid,0.05,0.29,0.29
Kenya,United Kingdom,1988,,12,,EMB-312 Tucano,trainer aircraft,12,,1990; 1991,New,Tucano T-51 version; incl some for combat role,1.9,22.8,22.8
Kenya,United Kingdom,1962,?,20,?,Ferret,APV,20,?,1964,New,,0.12,2.4,2.4
Kenya,United Kingdom,1964,?,1,,Ford,patrol craft,1,,1964,Second hand,Second-hand; loan until bought in 1967,2.2,2.2,2.2
Kenya,United Kingdom,1981,?,4,,GCM-AO3 30mm,naval gun,4,,1982; 1983,New,For modernization of 3 Brooke-32m (Madaraka) and 1 Brooke-37.5m (Mamba) patrol craft to FAC,1,4,4
Kenya,United Kingdom,1979,,12,,Hawk-50,trainer/combat aircraft,12,?,1980; 1981; 1982,New,$40 m deal; Hawk T-52 version,8.5,102,102
Kenya,United Kingdom,1973,?,2,,Hunter,fighter aircraft,2,,1974,Second hand but modernized,Second-hand T-7 trainer version modernized to Hunter T-81 before delivery,2.38,4.75,4.75
Kenya,United Kingdom,1973,?,4,,Hunter,FGA aircraft,4,,1974,Second hand but modernized,Second-hand but modernized before delivery to Hunter FGA-80,2.64,10.56,10.56
Kenya,United Kingdom,1981,,40,,L-118 105mm,towed gun,40,?,1983; 1984,New,,0.6,24,24
Kenya,United Kingdom,1978,,4,,MBT Mk-3/ARV,ARV,4,?,1981; 1982,New,,1.19,4.76,4.76
Kenya,United Kingdom,1977,,3,,MBT Mk-3/ARV,ARV,3,?,1979; 1980,New,,1.19,3.57,3.57
Kenya,United Kingdom,1977,,38,?,MBT Mk-3,tank,38,?,1979; 1980,New,,1.64,62.32,62.32
Kenya,United Kingdom,1978,,38,?,MBT Mk-3,tank,38,?,1981; 1982,New,,1.64,62.32,62.32
Kenya,United Kingdom,1984,,2,,Province,FAC,2,,1987,New,Kenyan designation Nyayo,62.5,125,125
Kenya,United Kingdom,1967,,10,,Saladin,armoured car,10,?,1969,Second hand,Second-hand,0.28,2.8,2.8
Kenya,United Kingdom,1965,?,15,?,Saracen,APC,15,?,1968,Second hand,Second-hand,0.08,1.2,1.2
Kenya,United Kingdom,1977,,30,?,Seacat,SAM,30,?,1978,New,Tigercat version,0.04,1.2,1.2
Kenya,United Kingdom,1980,?,8,?,Shorland,APV,8,?,1980,New,,0.1,0.8,0.8
Kenya,United Kingdom,1970,,6,,Strikemaster,trainer/combat aircraft,6,,1971,New,Strikemaster Mk-87 version; mainly for combat role,2.5,15,15
Kenya,United Kingdom,1979,,100,?,Swingfire,anti-tank missile,100,?,1979,New,Deal also incl 8 to 14 launchers,0.01,1,1
Kenya,United Kingdom,1977,,3,?,Tigercat,SAM system,3,?,1978,New,,0.1,0.3,0.3
Kenya,United Kingdom,1964,,3,,Vosper-103,patrol craft,3,,1966,New,Kenyan designation Simba,5.25,15.75,15.75
Kenya,Ukraine,2007,?,33,,T-72M1,tank,33,,2009,Second hand,Second-hand (possibly ordered by South Sudan but taken over by Kenya after held ransom in 2008 by Somali pirates while being delivered by ship from Ukraine to Kenya),1.04,34.32,34.32
Kenya,United States,1976,?,100,?,AGM-65 Maverick,ASM,100,?,1978,New,For F-5E combat aircraft,0.15,15,15
Kenya,United States,1976,?,75,?,AIM-9J/P Sidewinder,SRAAM,75,?,1978,New,For F-5E combat aircraft; AIM-9J version,0.09,6.75,6.75
Kenya,United States,1988,,12,,aircraft engine,aircraft engine,12,,1990; 1991,New,Garrett TPE-331-12B (1150hp) turboprop for 12 EMB-312 (Tucano T-51) trainer aircraft from UK,0.5,6,6
Kenya,United States,2017,,6,?,aircraft engine,aircraft engine,6,?,2020,New,Allison AE-2100D3 (5000hp) turboprop for 3 C-27J transport aircraft from Italy,1.5,9,9
Kenya,United States,1969,?,2,,Bell-47/OH-13,light helicopter,2,,1970,Second hand,Probably second-hand,0.1,0.19,0.19
Kenya,United States,2014,,1,?,Cessna-208 Caravan,light transport aircraft,1,?,2015,New,Aid; Cessna-208B ISR version,1,1,1
Kenya,United States,1967,?,1,,Commander,light transport aircraft,1,,1968,New,For VIP transport,0.5,0.5,0.5
Kenya,United States,1976,,12,,F-5E Tiger-2,FGA aircraft,12,?,1978,New,$75 m 'Peace Drum' deal (partly 'MAP' aid); incl 2 F-5F version,10.5,126,126
Kenya,United States,1980,,2,,F-5E Tiger-2,FGA aircraft,2,,1982,New,$14 m deal; F-5F version,10.5,21,21
Kenya,United States,1979,,15,,Hughes-500D/MD,light helicopter,15,,1980,New,Part of $32 m deal; Hughes-500MD armed version,0.71,10.65,10.65
Kenya,United States,1979,,15,,Hughes-500MD-TOW,combat helicopter,15,,1981,New,Part of $32 m deal,3,45,45
Kenya,United States,2019,?,6,,L-118 105mm,towed gun,6,,2019,Second hand,Second-hand,0.24,1.44,1.44
Kenya,United States,2016,,3,,M28 Skytruck,light transport aircraft,3,?,2020,Second hand,Second-hand; aid,1.1,3.3,3.3
Kenya,United States,2020,?,22,?,Mamba-7,APC,22,?,2020,New,For use with UN peacekeeping forces in Somalia (AMISOM),0.2,4.4,4.4
Kenya,United States,1984,?,8,,MD-500E,light helicopter,8,?,1985,New,Part of $3 m aid,0.7,5.6,5.6
Kenya,United States,2018,,12,?,MD-500E,light helicopter,6,?,2019,New,Armed MD-530F version,0.7,8.4,4.2
Kenya,United States,1979,,2,,Hughes-500/OH-6A,light helicopter,2,,1981,New,Part of $32 m deal; for training; Hughes-500M version,0.7,1.4,1.4
Kenya,United States,1980,,1,,PA-31 Navajo,light transport aircraft,1,,1980,New,For VIP transport; PA-31-350 Navajo Chieftain version,0.75,0.75,0.75
Kenya,United States,1971,?,2,,PA-31 Navajo,light transport aircraft,2,,1973,New,For VIP transport; PA-31P version,0.75,1.5,1.5
Kenya,United States,2015,,2,?,ScanEagle,UAV,2,?,2016,New,$9.9 m deal,0.04,0.08,0.08
Kenya,United States,1979,,2100,?,BGM-71 TOW,anti-tank missile,2100,?,1980; 1981,New,$12 m deal; for Hughes-500MD helicopters,0.01,21,21
Kenya,United States,2016,,8,,UH-1H Huey-2,helicopter,8,,2016; 2017,New,Aid; second-hand UH-1H rebuilt to UH-1H-2 before delivery,3.1,24.8,24.8
Kenya,United States,1977,,83,,vehicle engine,vehicle engine,83,?,1979; 1980; 1981; 1982,New,12V-71 (720hp) diesel engine; for 83 MBT Mk-3 tanks from UK,0.11,9.13,9.13
Kiribati,Australia,1992,,1,,ASI-315,patrol craft,1,,1994,New,'Pacific Patrol Boat'/'Defence Cooperation' aid programme; Kiribati designation Teanoai,6,6,6
Kiribati,Australia,2014,,1,,Guardian,patrol craft,1,,2021,New,Part of 'SEA-3036 Pacific Patrol Boat Replacement' aid programme; Kiribati designation Teanoai-2,7,7,7
Kosovo,Turkiye,2022,,5,,Bayraktar TB2,armed UAV,5,,2023,New,,2.4,12,12
Kosovo,Turkiye,2014,,10,?,Cobra,APV,10,?,2014,New,Aid,0.14,1.4,1.4
Kosovo,Turkiye,2021,,10,,Kirpi,APC,0,,,New,Aid,0.25,2.5,0
Kosovo,Turkiye,2022,,25,?,TAM-MR,anti-tank missile,25,?,2023,New,,0.03,0.75,0.75
Kosovo,Turkiye,2021,,4,?,Vuran-AVM 120mm,self-propelled mortar,4,?,2022; 2023,New,Aid,0.55,2.2,2.2
Kosovo,United States,2021,?,55,?,ASV-150/M-1117,APC,55,,2021,Second hand,Second-hand; aid,0.18,9.9,9.9
Kosovo,United States,2018,,34,?,HMMWV-UA,APV,34,?,2018; 2020,New,,0.13,4.42,4.42
Kosovo,United States,2021,,10,,vehicle engine,vehicle engine,0,,,New,Cummins ISL-9 (375hp) diesel engine for 10 Kirpi APC from Türkiye,0.05,0.5,0
Kosovo,United States,2021,,4,?,vehicle engine,vehicle engine,4,?,2022; 2023,New,Cummins ISL-9 (375hp) diesel engine for 4 Vuran APC from Türkiye,0.05,0.2,0.2
Kuwait,Austria,1996,,40,?,Pandur,APC,40,?,1997; 1998; 1999,New,Part of $170 m deal; from US production line; for National Guard; CP; 81mm mortar carrier; ARV and ambulance versions; option on more not used,0.3,12,12
Kuwait,Austria,2010,,24,?,Pandur,APC,24,?,2013; 2014,New,,0.3,7.2,7.2
Kuwait,Austria,1996,,30,?,Pandur,IFV,30,?,1998; 1999,New,Part of $170 m deal; from US production line; for National Guard; IFV (25mm) and AFSV (90mm) versions; option on more not used,0.3,9,9
Kuwait,Austria,2010,,56,?,Pandur,IFV,56,?,2013; 2014,New,,0.3,16.8,16.8
Kuwait,Australia,1991,,2,,OPV-310,patrol craft,2,,1993,New,Kuwaiti designation Inttisar,7.5,15,15
Kuwait,Australia,1992,,2,,OPV-310,patrol craft,2,,1993,New,Kuwaiti designation Inttisar,7.5,15,15
Kuwait,Australia,1997,,22,,S-600,APC,22,,1997; 1998,New,$12 m deal; for National Guard,0.18,3.96,3.96
Kuwait,Belgium,1984,,62,?,CM-90 90mm,tank turret,62,?,1984; 1986,New,For 62 V-300 Mk-2 IFV/AFSV from USA,0.6,37.2,37.2
Kuwait,Belgium,1996,,15,?,LCTS-90 90mm,tank turret,15,?,1998; 1999,New,For Pandur FSV from Austria,0.7,10.5,10.5
Kuwait,Canada,1965,?,2,,DHC-4 Caribou,transport aircraft,2,,1966,New,,3.75,7.5,7.5
Kuwait,China,1998,,27,,PCZ-45,ALV,27,?,2000; 2001,New,Part of $187 m deal,0.5,13.5,13.5
Kuwait,China,2001,,24,?,PCZ-45,ALV,24,?,2002; 2003,New,Part of $200 m deal,0.5,12,12
Kuwait,China,1998,,27,,PLZ-45 155mm,self-propelled gun,27,?,2000; 2001,New,Part of $187 m deal,1.35,36.45,36.45
Kuwait,China,2001,,24,?,PLZ-45 155mm,self-propelled gun,24,?,2002; 2003,New,Part of $200 m deal,1.35,32.4,32.4
Kuwait,China,2001,,1,?,Type-84,ARV,1,?,2003,New,Part of $200 m deal,1,1,1
Kuwait,China,1998,,1,?,Type-84,ARV,1,?,2000,New,Part of $187 m deal,1,1,1
Kuwait,China,1998,,4,?,Type-85,APC,4,?,2000; 2001,New,Part of $187 m deal; ZCY-45 and ZCL-45 command post versions for use with PLZ-45 self-propelled guns,0.3,1.2,1.2
Kuwait,China,2001,,4,?,Type-85,APC,4,?,2002; 2003,New,Part of $200 m deal; ZCY-45 and ZCL-45 command post versions for use with PLZ-45 self-propelled guns,0.3,1.2,1.2
Kuwait,Egypt,1987,?,10,,Fahd,APC,10,,1988,New,,0.25,2.5,2.5
Kuwait,Egypt,1988,,100,,Fahd,APC,100,?,1989; 1990,New,Part of $50 m deal,0.25,25,25
Kuwait,Egypt,1987,,36,?,Sakr Eye,portable SAM,36,?,1989; 1990,New,,0.04,1.44,1.44
Kuwait,France,1983,,24,?,AM-39 Exocet,anti-ship missile,24,?,1985; 1986,New,Part of $95 m deal; for AS-332B helicopters,0.75,18,18
Kuwait,France,1990,,8,?,AM-39 Exocet,anti-ship missile,8,?,1990; 1991,New,Delivered to Free Kuwaiti forces in Saudi Arabia during 1990-1991 Gulf War,0.75,6,6
Kuwait,France,1982,,10,,AMX-Mk-F3 155mm,self-propelled gun,10,,1983,New,,0.8,8,8
Kuwait,France,1967,?,10,?,AMX-Mk-F3 155mm,self-propelled gun,10,?,1968,New,,0.8,8,8
Kuwait,France,1974,?,8,?,AMX-Mk-F3 155mm,self-propelled gun,8,?,1975,New,,0.8,6.4,6.4
Kuwait,France,1991,,18,,AMX-GCT/AU-F1,self-propelled gun,18,,1991,Second hand,Second-hand,0.7,12.6,12.6
Kuwait,France,1982,?,34,,AMX-VCI,APC,34,?,1982; 1983,New,Incl some VTT/PC CP version,0.3,10.2,10.2
Kuwait,France,1983,,25,?,ARMAT,anti-radar missile,25,?,1986,New,For Mirage F-1C combat aircraft,0.35,8.75,8.75
Kuwait,France,1983,,6,,AS-532SC/AS-332F,anti-ship helicopter,6,,1985,New,Part of $95 m deal,12.5,75,75
Kuwait,France,2002,?,2,,AS365/AS565 Panther,helicopter,2,,2005,New,For police,3.25,6.5,6.5
Kuwait,France,1987,?,10,,BTM,APC turret,10,,1988,New,BTM-208 version for 10 Fahd APC from Egypt,0.04,0.4,0.4
Kuwait,France,1988,,100,,BTM,APC turret,100,?,1989; 1990,New,BTM-208 version for 100 Fahd APC from Egypt,0.04,4,4
Kuwait,France,1980,,64,?,MM-40 Exocet,anti-ship missile,64,?,1982; 1983; 1984,New,For TNC-45 Type (Al Boom Class) and FPB-57 Type (Istiqlal Class) FAC,0.9,57.6,57.6
Kuwait,France,2021,?,6,?,MM-40-3 Exocet,anti-ship/land-attack missile,6,?,2021,New,For H-225M helicopters,1,6,6
Kuwait,France,2016,,30,,H725 Caracal,transport helicopter,30,?,2020; 2021,New,EUR1.1 b deal; H225M Caracal version; incl 6 for National Guard,8,240,240
Kuwait,France,1974,?,500,?,Harpon,anti-tank missile,500,?,1975,New,Part of $9 m deal; for SA-342L helicopters,0.01,5,5
Kuwait,France,1974,,800,,HOT,anti-tank missile,800,?,1975; 1976; 1977,New,For SA-342L helicopters,0.02,16,16
Kuwait,France,1999,,320,,HOT-3,anti-tank missile,320,,1999,New,Designation uncertain (reported as 'anti-tank missile'),0.03,9.6,9.6
Kuwait,France,1974,,20,,Mirage F-1C,FGA aircraft,20,,1976; 1977,New,Mirage F-1CK version; incl 2 Mirage F-1BK; ordered after border dispute with Iraq,16,320,320
Kuwait,France,1983,,13,,Mirage F-1C,FGA aircraft,13,?,1984; 1985,New,Part of $400 m deal; Mirage F-1CK-2 version; incl 4 Mirage F-1BK-2,16,208,208
Kuwait,France,1995,,8,,P-37BRL,FAC,8,,1999; 2000,New,$475 m 'Garoh' deal; Kuwaiti designation Um Almaradim; also designated Combattante-1; replacing ships lost during 1990-1991 Gulf War,37.6,300.8,300.8
Kuwait,France,1974,,80,?,R-550 Magic-1,SRAAM,80,?,1976; 1977,New,For Mirage F-1C combat aircraft,0.09,7.2,7.2
Kuwait,France,1983,,78,?,R-550 Magic-1,SRAAM,78,?,1984; 1985,New,For Mirage F-1C combat aircraft,0.09,7.02,7.02
Kuwait,France,1974,,12,?,SA-330 Puma,helicopter,12,?,1975; 1976,New,,6,72,72
Kuwait,France,1973,?,4,,SA-341 Gazelle,light helicopter,4,,1974,New,,0.8,3.2,3.2
Kuwait,France,1973,?,20,?,SA-342 Gazelle,light helicopter,20,?,1975; 1976,New,,0.85,17,17
Kuwait,France,2015,,120,,Sherpa,APC/APV,120,?,2016; 2017; 2018,New,,0.25,30,30
Kuwait,France,2018,,300,?,Sherpa,APC/APV,300,?,2019; 2020; 2021,New,EUR270 m deal,0.25,75,75
Kuwait,France,1974,?,1200,?,SS-11,anti-tank missile,1200,?,1975,New,Part of $9 m deal,0.01,12,12
Kuwait,France,1974,,75,?,Super-530F,BVRAAM,75,?,1980; 1981,New,For Mirage F-1C combat aircraft,0.15,11.25,11.25
Kuwait,France,1983,,40,?,Super-530F,BVRAAM,40,?,1984; 1985,New,For Mirage F-1C combat aircraft,0.15,6,6
Kuwait,France,1985,,1,?,TRS-2100 Tiger-S,air search radar,1,?,1986,New,,4.75,4.75,4.75
Kuwait,France,1984,,6,?,TRS-2215/2230,air search radar,6,?,1985; 1986; 1987,New,Part of FFR1.2 b deal; TRS-2230 version,13.5,81,81
Kuwait,France,1995,,1,,TRS-22XX,air search radar,1,,1998,New,$54 m deal,12.5,12.5,12.5
Kuwait,France,1997,?,20,,VBL,APV,20,,1997,New,,0.12,2.4,2.4
Kuwait,France,2008,,20,?,VBL,APV,20,,2009,New,VBL Mk-2 version,0.12,2.4,2.4
Kuwait,Germany,2003,?,8,,Condor,APC,8,,2004,New,For National Guard; Condor-2 version,0.22,1.76,1.76
Kuwait,Germany,1980,,2,,FPB-57,FAC,2,,1983; 1984,New,Kuwaiti designation Istiqlal,63,126,126
Kuwait,Germany,2015,,12,,Fuchs-2,APC,12,,2017,New,NBC reconnaissance version,0.4,4.8,4.8
Kuwait,Germany,1995,?,16,,ship engine,ship engine,16,,1999; 2000,New,MTU 16V-538 (4000hp) diesel engine for 8 P-37BRL (Combattante-1 or Um Almaradim) FAC from France,1.2,19.2,19.2
Kuwait,Germany,1993,?,15,,TM-170 Hermelin,APC,15,,1994,New,For police,0.25,3.75,3.75
Kuwait,Germany,1980,,6,,TNC-45,FAC,6,,1982; 1984,New,Kuwaiti designation Al Boom,44,264,264
Kuwait,Italy,1988,?,320,?,Aspide,BVRAAM/SAM,320,?,1988; 1989; 1990; 1991; 1996; 1997,New,For Skyguard (Amoun) SAM systems,0.18,57.6,57.6
Kuwait,Italy,2007,,250,?,Aspide,BVRAAM/SAM,250,?,2008; 2009; 2010; 2011; 2012; 2013,New,Part of $65 m deal; Aspide-2000 SAM version; for Skyguard AD systems,0.18,45,45
Kuwait,Italy,1969,?,2,,Bell-206/OH-58,light helicopter,2,?,1970,New,AB-206A (Bell-206A) version,0.7,1.4,1.4
Kuwait,Italy,2016,,8,?,EJ-200,turbofan,6,?,2021; 2022; 2023,New,Spares for Typhoon combat aircraft,2.5,20,15
Kuwait,Italy,2019,?,,,Marte-ER,anti-ship missile,0,,,New,For Typhoon combat aircraft,0.7,0,0
Kuwait,Italy,2016,,28,,Typhoon Block-20,FGA aircraft,13,,2021; 2022; 2023,New,EUR7-8 b deal; Typhoon Tranche-3A version; delivery planned 2021-2024,57.5,1610,747.5
Kuwait,Italy,1967,?,4,,Bell-205/UH-1D,helicopter,4,?,1968; 1969,New,AB-205 version,2.2,8.8,8.8
Kuwait,Norway,2008,,20,,Protector,APC turret,20,,2009,New,For 20 VBL APV from France,0.05,1,1
Kuwait,Norway,2014,,10,?,Protector,APC turret,10,?,2015,New,,0.05,0.5,0.5
Kuwait,Norway,2016,?,218,,Protector,APC turret,218,?,2021; 2022,New,For modernization of 218 Kuwaiti M-1A2 tanks; probably from US production line,0.05,10.9,10.9
Kuwait,Russia,1994,?,1250,?,Bastion,anti-tank missile,1250,?,1995; 1996,New,For BMP-3 IFV; status uncertain (possibly Kuwaiti BMP-3 not armed with Bastion),0.02,25,25
Kuwait,Russia,1994,,46,?,BMP-2,IFV,46,,1994; 1995,New,,0.9,41.4,41.4
Kuwait,Russia,1994,,142,?,BMP-3,IFV,142,?,1995; 1996; 1997,New,,1.45,205.9,205.9
Kuwait,Russia,2009,,70,?,BMP-3,IFV,70,,2010; 2011,New,BMP-3M version,1.45,101.5,101.5
Kuwait,Russia,2014,,33,?,BMP-3,IFV,33,,2015,New,,1.45,47.85,47.85
Kuwait,Russia,1994,,460,?,Fagot,anti-tank missile,460,?,1994; 1995,New,For BMP-2 IFVs,0.01,4.6,4.6
Kuwait,Russia,1994,,27,,BM-9A52 Smerch,self-propelled MRL,27,,1995; 1996,New,,1.2,32.4,32.4
Kuwait,Singapore,1993,?,2,,Al Tahaddy,landing craft,2,,1994,New,$9.9 m deal; for coast guard; also for use as supply ship,4.3,8.6,8.6
Kuwait,Singapore,1978,,3,,LC-32m,landing craft,3,,1979,New,Kuwaiti designation Al Jahra,6.1,18.3,18.3
Kuwait,Sweden,1980,,8,,9LV,fire control radar,8,,1982; 1983,New,For 2 FPB-57 and 6 TNC-45 FAC from FRG; 9LV-200 version,2.5,20,20
Kuwait,Sweden,1980,,8,,Giraffe-75,air search radar,8,,1983; 1984,New,For 2 FPB-57 and 6 TNC-45 FAC from FRG; Sea Giraffe-50HC version,4,32,32
Kuwait,Switzerland,2016,,10,?,Skyguard,fire control radar,10,?,2017; 2018; 2019; 2020,New,EUR390 m deal; for use with Skyguard AD system; recipient possibly other country,5,50,50
Kuwait,Switzerland,1988,?,11,?,Skyguard,AA gun/SAM system,11,?,1989; 1990; 1996,New,Amoun version; assembled in Egypt,10,110,110
Kuwait,Switzerland,2001,,5,,Skyguard,AA gun/SAM system,5,?,2001,New,Amoun version; ordered via and partly produced in Egypt,10,50,50
Kuwait,Switzerland,2014,,2,?,Skyguard,AA gun/SAM system,2,?,2016,New,,10,20,20
Kuwait,Turkiye,2023,,,,Bayraktar TB2,armed UAV,0,,,New,$370 m deal,2.4,0,0
Kuwait,Turkiye,2015,?,40,?,Ejder,APC,40,,2016,New,Designation uncertain (reported as 'wheeled armoured vehicle'),0.3,12,12
Kuwait,UAE,2013,?,2,,ADSB 64m,landing ship,2,?,2017; 2018,New,Kuwaiti designation Safar,15,30,30
Kuwait,UAE,2013,?,1,,L-42,landing craft,1,,2017,New,Kuwaiti designation Sabhan,7.4,7.4,7.4
Kuwait,United Kingdom,1954,?,5,,Aiglet Trainer,trainer aircraft,5,,1954,Second hand,Second-hand,0.06,0.28,0.28
Kuwait,United Kingdom,1982,?,6,?,AR-3D,air search radar,6,?,1983; 1984,New,,12,72,72
Kuwait,United Kingdom,1953,,3,,Autocrat,light aircraft,3,,1953,Second hand,Second-hand,0.05,0.14,0.14
Kuwait,United Kingdom,1967,?,25,?,Centurion-9,tank,25,?,1968; 1969,Second hand,Second-hand; Centurion-10 version,0.7,17.5,17.5
Kuwait,United Kingdom,1958,?,25,,Centurion-9,tank,25,,1960,New,,1.75,43.75,43.75
Kuwait,United Kingdom,1977,,143,?,Chieftain Mk-5,tank,143,?,1978; 1979,New,Chieftain Mk-5/2K version,2.25,321.75,321.75
Kuwait,United Kingdom,1980,?,3,?,Cymbeline,artillery locating radar,3,?,1981,New,,2.38,7.14,7.14
Kuwait,United Kingdom,1954,?,1,,DH-114 Heron,light transport aircraft,1,,1954,New,,1.5,1.5,1.5
Kuwait,United Kingdom,1954,?,2,,Dove,light transport aircraft,2,,1955,New,,0.55,1.1,1.1
Kuwait,United Kingdom,1989,,16,,EMB-312 Tucano,trainer aircraft,16,?,1995,New,Tucano T-52 version,1.9,30.4,30.4
Kuwait,United Kingdom,1956,?,15,?,Ferret,APV,15,?,1958,New,,0.12,1.8,1.8
Kuwait,United Kingdom,1962,?,75,?,Ferret,APV,75,?,1963; 1964; 1965,New,,0.12,9,9
Kuwait,United Kingdom,1966,?,40,?,Firestreak,SRAAM,40,?,1968; 1969,New,For Lightning combat aircraft,0.04,1.6,1.6
Kuwait,United Kingdom,1983,,12,,Hawk-50,trainer/combat aircraft,12,?,1985; 1986; 1987,New,Deal worth $105 m; Hawk Mk-64 version,8.5,102,102
Kuwait,United Kingdom,1963,,11,?,Hunter,fighter aircraft,11,?,1964; 1965,Second hand but modernized,Second-hand Hunter F-4 and F-6 versions modernized to 6 FGA-57 (FGA-9) FGA and 5 T-67 (T-66) trainer versions before delivery (second-hand Dutch and Belgian aircraft sold back to UK producer and resold to Kuwait),2.38,26.14,26.14
Kuwait,United Kingdom,1961,,6,,Jet Provost,trainer aircraft,6,,1962,New,Jet Provost T-51 version,1.2,7.2,7.2
Kuwait,United Kingdom,1966,,14,,Lightning,fighter aircraft,14,?,1968; 1969,New,Lightning F-53K version; incl 2 T-55K trainer version,11.62,162.68,162.68
Kuwait,United Kingdom,1983,?,4,,Loadmaster,landing craft,4,,1984; 1985,New,$12 m deal,6.7,26.8,26.8
Kuwait,United Kingdom,1968,,70,,MBT Mk-1,tank,70,?,1970; 1971; 1972,New,,1.5,105,105
Kuwait,United Kingdom,1966,?,40,?,Red Top,SRAAM,40,?,1968; 1969,New,For Lightning combat aircraft,0.07,2.8,2.8
Kuwait,United Kingdom,2007,,10,?,RMTS,IFV turret,10,?,2010; 2011,New,For Desert Chameleon IFV from USA,0.6,6,6
Kuwait,United Kingdom,1961,?,2,?,S-55,helicopter,2,?,1962,New,Whirlwind HAR-3 version,1.2,2.4,2.4
Kuwait,United Kingdom,1980,,2,,S-810,air/sea search radar,2,,1982; 1983,New,For 2 FPB-57 FAC from FRG,4.75,9.5,9.5
Kuwait,United Kingdom,1962,?,60,?,Saladin,armoured car,60,?,1963; 1964,New,,0.7,42,42
Kuwait,United Kingdom,1953,?,15,?,Saracen,APC,15,?,1954,New,,0.2,3,3
Kuwait,United Kingdom,1962,?,120,?,Saracen,APC,120,?,1963; 1964; 1965,New,,0.2,24,24
Kuwait,United Kingdom,1984,?,5,,AT-105 Saxon,APC,5,,1985,New,,0.2,1,1
Kuwait,United Kingdom,1997,,80,?,Sea Skua,anti-ship missile,80,?,2000,New,$89 m deal; Sea Skua SL version; for 8 PB-37BRL FAC,0.3,24,24
Kuwait,United Kingdom,1995,?,8,,Seaspray,MP aircraft radar,8,,1999; 2000,New,For 8 P-37BRL (Combattante-1 or Um Almaradim) FAC from France,2,16,16
Kuwait,United Kingdom,1993,,250,?,Starburst,portable SAM,250,?,1995,New,GBP50 m ($80 m; incl 50 launchers),0.09,22.5,22.5
Kuwait,United Kingdom,1970,?,6,,Strikemaster,trainer/combat aircraft,6,,1971,New,Strikemaster Mk-83 version,2.5,15,15
Kuwait,United Kingdom,1968,,6,,Strikemaster,trainer/combat aircraft,6,,1970,New,$3 m deal; Strikemaster Mk-83 version,2.5,15,15
Kuwait,United Kingdom,2017,?,8,,Thales ROTSS,APC turret,8,?,2017,New,For modernization of 8 Condor APC,0.1,0.8,0.8
Kuwait,United Kingdom,1988,,2,,Valkyr,APC,2,,1989,New,,0.25,0.5,0.5
Kuwait,United Kingdom,1962,,350,?,VIGILANT,anti-tank missile,350,?,1963; 1964,New,,0.01,3.5,3.5
Kuwait,United Kingdom,1993,,254,,Warrior,IFV,254,,1995; 1996; 1997,New,$740 m deal (offsets 30%); incl 21 command post; repair and ARV versions,0.8,203.2,203.2
Kuwait,United States,1974,,36,,A-4M Skyhawk-2,FGA aircraft,36,,1977; 1978,New,$250 m deal; A-4KU version (incl 6 TA-4KU),10,360,360
Kuwait,United States,1995,?,5,?,AAQ-13 LANTIRN,combat aircraft radar,5,?,1998,New,,1,5,5
Kuwait,United States,1995,?,5,?,AAQ-14 LANTIRN,aircraft EO system,5,?,1998,New,,1,5,5
Kuwait,United States,2002,,188,?,AGM-114 Hellfire-2,anti-tank missile/ASM,188,?,2007,New,Part of $868 m deal (part of larger $2.1 b deal); AGM-114K3 version; for AH-64D helicopters,0.05,9.4,9.4
Kuwait,United States,2013,?,300,?,AGM-114 Hellfire-2,anti-tank missile/ASM,300,?,2015,New,AGM-114R version,0.05,15,15
Kuwait,United States,2021,?,300,?,AGM-114 Hellfire-2,anti-tank missile/ASM,200,?,2022; 2023,New,AGM-114R version,0.05,15,10
Kuwait,United States,2002,,96,?,AGM-114L Hellfire Longbow,anti-tank missile,96,?,2007,New,Part of $868 m deal (part of larger $2.1 b deal); AGM-114L3 version; for AH-64D helicopters,0.07,6.72,6.72
Kuwait,United States,1988,,300,,AGM-65 Maverick,ASM,300,?,1991; 1992; 1993,New,For F/A-18C combat aircraft; AGM-65G version,0.15,45,45
Kuwait,United States,2003,,16,,AH-64D Apache,combat helicopter,16,,2007,New,Part of $868 m deal (incl $213 m for airframes and $46 m for Longbow radars; part of $2.1 b deal); sold on condition to be used for defensive operations only,15.5,248,248
Kuwait,United States,2021,,24,,AH-64E Apache,combat helicopter,0,,,New,Including 16 Kuwaiti AH-64D rebuilt to AH-64E,15,360,0
Kuwait,United States,2009,,120,?,AIM-120C AMRAAM,BVRAAM,120,?,2010; 2013; 2014,New,Possibly $178 m deal; AIM-120C-7 version,0.6,72,72
Kuwait,United States,2019,?,60,?,AIM-120C AMRAAM,BVRAAM,60,?,2022,New,For F/A18E combat aircraft; AIM-120C-7 version,0.6,36,36
Kuwait,United States,1988,,200,,AIM-7F Sparrow,BVRAAM,200,?,1992; 1993,New,For F/A-18C combat aircraft,0.16,32,32
Kuwait,United States,1975,,300,,AIM-9D Sidewinder,SRAAM,300,?,1977; 1978,New,For A-4M combat aircraft; AIM-9H version,0.07,21,21
Kuwait,United States,1988,,120,,AIM-9L Sidewinder,SRAAM,120,?,1992; 1993,New,For F/A-18C combat aircraft,0.11,13.2,13.2
Kuwait,United States,2013,,80,,AIM-9X Sidewinder,BVRAAM,80,?,2014; 2015,New,$40 m deal; AIM-9X Block-2 version,0.18,14.4,14.4
Kuwait,United States,2014,,1,,AIM-9X Sidewinder,BVRAAM,1,,2016,New,AIM-9X Block-2 version,0.18,0.18,0.18
Kuwait,United States,1989,,16,?,aircraft engine,aircraft engine,16,?,1995,New,Garrett TPE-331-12B (1150hp) turboprop for 16 EMB-312 (Tucano T-52) trainer aircraft from UK,0.5,8,8
Kuwait,United States,2003,,8,,APG-78 Longbow,combat heli radar,8,?,2007,New,Part of $46 m deal; for 8 AH-64D combat helicopters,3,24,24
Kuwait,United States,1981,,4,?,C-130H Hercules,transport aircraft,4,?,1983,New,L-100-30 version,28,112,112
Kuwait,United States,1970,?,2,,C-130H Hercules,transport aircraft,2,,1971,New,L-100-20 version,28,56,56
Kuwait,United States,2013,,1,,C-17A Globemaster-3,heavy transport aircraft,1,,2014,New,,140,140,140
Kuwait,United States,2011,?,1,,C-17A Globemaster-3,heavy transport aircraft,1,,2014,New,,140,140,140
Kuwait,United States,1984,,20,,Commando V-150,APC,20,?,1985,New,Part of $40 m deal; V-150S version,0.2,4,4
Kuwait,United States,2007,,20,,Desert Chameleon,IFV,20,,2010; 2011,New,For police,0.4,8,8
Kuwait,United States,1988,,40,,F/A-18C Hornet,FGA aircraft,40,,1991; 1992; 1993,New,$1.9 b deal; incl 8 F/A-18D,37.5,1500,1500
Kuwait,United States,2018,,28,,F/A-18E Super Hornet,FGA aircraft,28,?,2022,New,$2.7 b deal; F/A-18E Block-3 version (incl 6 F/A-18F trainer/combat version),50,1400,1400
Kuwait,United States,1988,,40,,Harpoon Block-1,anti-ship missile,40,?,1997,New,AGM-84D version for F/A-18 combat aircraft,0.9,36,36
Kuwait,United States,2002,?,21,?,Harpoon Block-1,anti-ship missile,21,,2003,New,AGM-84 version,0.9,18.9,18.9
Kuwait,United States,1976,,5,?,I-HAWK,SAM system,5,?,1977; 1978,New,No. could be 4 or 6,37.5,187.5,187.5
Kuwait,United States,2009,,51,,JDAM,guided bomb,51,?,2011,New,,0.02,1.02,1.02
Kuwait,United States,2016,,51,,JDAM,guided bomb,51,?,2017,New,,0.02,1.02,1.02
Kuwait,United States,2009,,3,,KC-130J Hercules,tanker/transport aircraft,3,,2014,New,$245 m deal (part of $1.1 b deal incl support),45,135,135
Kuwait,United States,1993,,236,,LAV-25 turret,IFV turret,236,?,1995; 1996; 1997,New,For 236 MCV-80 IFV from UK,0.6,141.6,141.6
Kuwait,United States,1996,,15,?,LAV-25 turret,IFV turret,15,?,1998; 1999,New,For Pandur IFV from Austria,0.6,9,9
Kuwait,United States,2010,?,40,?,LAV-25 turret,IFV turret,40,?,2013; 2014,New,For Pandur IFV from Austria,0.6,24,24
Kuwait,United States,1979,?,6,,M-109A1 155mm,self-propelled gun,6,,1980,New,M-109A1B version,1.1,6.6,6.6
Kuwait,United States,1982,?,31,,M-109A1 155mm,self-propelled gun,31,?,1983; 1984,New,M-109A2 version,1.1,34.1,34.1
Kuwait,United States,1982,,26,,M-113,APC,26,?,1983; 1984,New,Part of $97 m deal; M-113A2 version,0.25,6.5,6.5
Kuwait,United States,1983,?,100,?,M-113,APC,100,?,1984; 1985; 1986; 1987,New,M-113A1 version,0.25,25,25
Kuwait,United States,1992,,46,,M-113A3,APC,46,?,1994; 1995,New,$32 m deal (part of $4 b deal); incl 30 M-577A3 command post and 16 ambulance version; option on 109 more not used,0.3,13.8,13.8
Kuwait,United States,1992,,218,,M-1A2 Abrams,tank,218,?,1995; 1996; 1997,New,$1.8 b deal (part of $4 b deal),4.5,981,981
Kuwait,United States,2016,,218,,M-1A2S Abrams,tank,218,?,2021; 2022,New,M1A2-K version,5,1090,1090
Kuwait,United States,1985,?,10,,M-88,ARV,10,?,1986,New,M-88A1 version,1.5,15,15
Kuwait,United States,1992,,14,,M-88A2 HERCULES,ARV,14,?,1995; 1996,New,Part of $4 b deal,2,28,28
Kuwait,United States,2020,,19,,M-88A2 HERCULES,ARV,19,?,2021; 2022,New,,2,38,38
Kuwait,United States,1982,,56,?,M-901 ITV,tank destroyer,56,?,1984; 1985,New,Part of $97 m deal,0.9,50.4,50.4
Kuwait,United States,1993,,210,,MIM-104 PAC-2,SAM,210,?,1995; 1996,New,,1,210,210
Kuwait,United States,2011,,209,,MIM-104 PAC-2,SAM,209,?,2014; 2015,New,MIM-104E GEM-T version,1,209,209
Kuwait,United States,2013,,60,?,MIM-104 PAC-3,ABM missile,60,?,2015; 2016,New,,0.8,48,48
Kuwait,United States,2021,,84,?,MIM-104 PAC-3 MSE,ABM missile,0,,,New,,1.5,126,0
Kuwait,United States,1976,,350,?,MIM-23B HAWK,SAM,350,?,1977; 1978,New,,0.17,59.5,59.5
Kuwait,United States,1979,,32,,MIM-23B HAWK,SAM,32,?,1980,New,,0.17,5.44,5.44
Kuwait,United States,1993,,6,?,Patriot,SAM system,6,?,1995; 1996,New,$327 m deal (offsets 30%),47,282,282
Kuwait,United States,2008,,6,?,Patriot Configuration-3,SAM system,6,?,2014; 2015; 2016,New,Kuwaiti Patriot SAM systems rebuilt to Patriot PAC-3,55,330,330
Kuwait,United States,2014,,2,?,Patriot Configuration-3,SAM system,2,?,2017; 2018,New,$655 m deal; probably Patriot PAC-3+ version,55,110,110
Kuwait,United States,2009,,10,,Pegasus,patrol craft,10,?,2011; 2012; 2013,New,,4.6,46,46
Kuwait,United States,2005,?,5,?,AAQ-33 Sniper ATP,aircraft EO system,5,?,2006,New,$12.5 m deal,1,5,5
Kuwait,United States,2016,?,14,,AAQ-33 Sniper ATP,aircraft EO system,14,?,2018; 2019,New,For F/A-18C combat aircraft,1,14,14
Kuwait,United States,2016,,18,,AAQ-33 Sniper ATP,aircraft EO system,11,?,2022; 2023,New,For Typhoon combat aircraft,1,18,11
Kuwait,United States,2021,?,14,?,AAQ-33 Sniper ATP,aircraft EO system,14,?,2023,New,For F/A-18E combat aircraft,1,14,14
Kuwait,United States,1982,,4840,?,BGM-71 TOW,anti-tank missile,4840,?,1984; 1985,New,Part of $97 m deal; BGM-71C I-TOW version; for M-901 tank destroyers,0.01,48.4,48.4
Kuwait,United States,1973,?,3150,,BGM-71 TOW,anti-tank missile,3150,?,1974; 1975; 1976; 1977; 1978; 1979; 1980,New,,0.01,31.5,31.5
Kuwait,United States,1993,,466,?,BGM-71 TOW,anti-tank missile,466,?,1995; 1996; 1997,New,BGM-71C ITOW version; for 233 MCV-80 IFV,0.01,4.66,4.66
Kuwait,United States,1993,,600,?,BGM-71 TOW,anti-tank missile,600,?,1994,New,Deal incl also 60 launchers on HMMV vehicles,0.01,6,6
Kuwait,United States,2008,?,2127,?,BGM-71 TOW,anti-tank missile,2127,?,2009; 2010; 2011,New,TOW-2A version,0.01,21.27,21.27
Kuwait,United States,2008,?,1418,?,BGM-71F TOW-2B,anti-tank missile,1418,?,2010; 2011; 2012,New,,0.02,28.36,28.36
Kuwait,United States,1975,?,2,,TPS-32,air search radar,2,?,1976; 1977,New,,12,24,24
Kuwait,United States,1988,,1,,TPS-63,air search radar,1,,1990,New,$11 m deal; LASS version (on aerostat),5,5,5
Kuwait,United States,1993,?,1,,TPS-63,air search radar,1,,1995,New,$35 m deal; LASS version (on aerostat),5,5,5
Kuwait,United States,1993,?,2,,TPS-63,air search radar,2,?,1994; 1995,New,Assembled in Egypt,5,10,10
Kuwait,United States,2003,,1,,TPS-63,air search radar,1,,2005,New,$84-113 m deal; LASS version (on aerostat),5,5,5
Kuwait,United States,1992,,1,,TPS-77,air search radar,1,,1993,New,Part of $92 m deal,11,11,11
Kuwait,United States,2022,,4,,TPS-77,air search radar,0,,,New,$85 m deal; planned delivery by 2027,11,44,0
Kuwait,United States,1984,,62,?,V-300,IFV/AFSV,62,?,1985; 1986,New,Part of $40 m deal,0.3,18.6,18.6
Kuwait,Soviet Union,1984,,600,?,9M33,SAM,600,?,1984; 1985,New,,0.1,60,60
Kuwait,Soviet Union,1978,?,4,?,9P113,SSM launcher,4,?,1979; 1980,New,Status uncertain,0.5,2,2
Kuwait,Soviet Union,1988,,245,,BMP-2,IFV,245,?,1989; 1990,New,$300 m deal,0.9,220.5,220.5
Kuwait,Soviet Union,1988,,2450,?,Fagot,anti-tank missile,2450,?,1989; 1990,New,For BMP-2 IFVs,0.01,24.5,24.5
Kuwait,Soviet Union,1984,?,20,?,Osa,mobile SAM system,20,?,1985,New,,10,200,200
Kuwait,Soviet Union,1979,,500,?,Strela-2,portable SAM,500,?,1979; 1980,New,Deal worth $100 m incl 10 SA-6 SAM systems,0.04,20,20
Kuwait,Soviet Union,1984,,200,?,Strela-2,portable SAM,200,?,1984; 1985,New,,0.04,8,8
Kuwait,Soviet Union,1984,?,500,?,Strela-3,portable SAM,500,?,1985,New,,0.06,30,30
Kuwait,Yugoslavia,1989,,185,,M-84,tank,185,,1990; 1991,New,M-84A version; incl 15 M-84ABK version,2.6,481,481
Kuwait,Yugoslavia,1989,,15,,M-84ABI,ARV,15,,1991,New,,1.4,21,21
Kyrgyzstan,Kazakhstan,2003,,2,,Mi-17,transport helicopter,2,,2004,Second hand,Ex-Kazakh; $3.5 m deal (financed by USA); Mi-8MTV version,2.9,5.8,5.8
Kyrgyzstan,Russia,2017,?,2,,An-26,transport aircraft,2,,2017,Second hand,Second-hand; aid,3.4,6.8,6.8
Kyrgyzstan,Russia,2018,,9,,BRDM-2,reconnaissance AV,9,,2018,Second hand but modernized,Second-hand but modernized to BRDM-2MS before delivery; aid,0.1,0.89,0.89
Kyrgyzstan,Russia,2015,?,60,,BTR-70,APC,60,?,2015; 2016; 2017,New,Second-hand BTR-70 but rebuilt to BTR-70M before delivery; aid,0.27,16.2,16.2
Kyrgyzstan,Russia,2014,?,10,?,D-30 122mm,towed gun,10,?,2015,Second hand,Second-hand; aid,0.14,1.4,1.4
Kyrgyzstan,Russia,2005,?,1,,Mi-17,transport helicopter,1,,2005,Second hand,Probably second-hand; part of $3 m aid (in return for Russian access to Kyrgyz air base),2.9,2.9,2.9
Kyrgyzstan,Russia,2003,?,2,,Mi-17,transport helicopter,2,,2003,Second hand but modernized,Second-hand but modernized before delivery; Mi-17 version,4.79,9.57,9.57
Kyrgyzstan,Russia,2018,?,4,,Mi-17,transport helicopter,4,,2019,Second hand,Second-hand (but possibly modernized before delivery); aid; Mi-8MT version,2.9,11.6,11.6
Kyrgyzstan,Russia,2023,?,2,?,Mi-17,transport helicopter,2,?,2023,New,Incl 1 armed Mi-17V-5 version,7.25,14.5,14.5
Kyrgyzstan,Russia,2019,?,2,,P-12,air search radar,2,,2019,Second hand,Second-hand; aid; P-18 version,1.8,3.6,3.6
Kyrgyzstan,Turkiye,2022,?,2,?,Akinci,armed UAV,2,?,2022,New,Akinci-A version,4.5,9,9
Kyrgyzstan,Turkiye,2022,,2,?,Aksungur,armed UAV,2,?,2023,New,,4,8,8
Kyrgyzstan,Turkiye,2022,,2,?,Anka,armed UAV,0,,,New,,3,6,0
Kyrgyzstan,Turkiye,2021,,3,?,Bayraktar TB2,armed UAV,3,?,2021; 2022,New,,2.4,7.2,7.2
Kyrgyzstan,unknown supplier(s),2006,?,4,,An-2,light transport aircraft,4,,2006,Second hand,Second-hand; financed by aid from USA,0.4,1.6,1.6
Khmer Rouge (Cambodia)*,China,1986,?,6,,D-74 122mm,towed gun,6,?,1988,Second hand,Type-60 version,0.16,0.96,0.96
Khmer Rouge (Cambodia)*,China,1988,?,20,?,HN-5A,portable SAM,20,?,1988,New,,0.05,1,1
Khmer Rouge (Cambodia)*,China,1990,,24,,Type-59,tank,24,,1990,Second hand,Aid; probably Second-hand,0.36,8.64,8.64
Khmer Rouge (Cambodia)*,China,1971,?,200,?,Type-63 107mm,towed MRL,200,?,1971; 1972; 1973; 1974; 1975,New,,0.05,10,10
Khmer Rouge (Cambodia)*,unknown supplier(s),1971,?,10,?,T-54,tank,10,?,1972,Second hand,Probably second-hand; supplier probably North Vietnam; Soviet Union or China,0.44,4.4,4.4
Kurdistan Regional Government (Iraq)*,unknown supplier(s),2014,,10,?,Guardian,APC,10,?,2014; 2015,New,,0.18,1.8,1.8