Laos,Australia,1970,?,3,,C-47 Skytrain,transport aircraft,3,,1971,Second hand,Second-hand; aid,1,3,3
Laos,Canada,2010,?,4,?,aircraft engine,aircraft engine,4,?,2012,New,Pratt & Whitney Canada PW-127J (2750hp) turboprop for 2 MA-60 transport aircraft from China,0.75,3,3
Laos,Canada,2012,?,4,?,aircraft engine,aircraft engine,4,?,2013,New,Pratt & Whitney Canada PW-127J (2750hp) turboprop for 2 MA-600 transport aircraft from China,0.75,3,3
Laos,China,2006,?,2,?,AS365/AS565 Panther,helicopter,2,?,2008,New,Z-9A version; no. could be up to 4,3.25,6.5,6.5
Laos,China,2018,?,2,?,CH-4B,armed UAV,2,,2019,New,Designation uncertain (reported as 'unmanned combat aerial vehicles'),4,8,8
Laos,China,2023,?,10,?,-CSKÂ 181.00,APC/APV,10,?,2023,New,,0.16,1.6,1.6
Laos,China,2015,?,9,?,LE-500 Little Eagle,light aircraft,9,?,2015; 2017,New,,0.24,2.16,2.16
Laos,China,2010,,2,,MA60,transport aircraft,2,,2012,New,MA-600 version,8,16,16
Laos,China,2012,?,2,,MA60,transport aircraft,2,,2013,New,MA-600 version,8,16,16
Laos,China,2017,,3,?,CS/SH-1 122mm,self-propelled gun,3,?,2018,New,,0.7,2.1,2.1
Laos,China,2017,?,12,?,SR-5,self-propelled MRL,12,?,2018,New,,1.1,13.2,13.2
Laos,China,2016,?,16,?,Tiger,APV,16,?,2017; 2018; 2019,New,,0.14,2.24,2.24
Laos,China,2017,?,50,?,TY-90,SRAAM,50,?,2018,New,For Yitian SAM systems,0.14,7,7
Laos,China,1970,?,10,?,Type-62,light tank,10,?,1971,New,,1,10,10
Laos,China,1990,?,1,?,Y-7,transport aircraft,1,?,1990,New,Y-7-100 version,8,8,8
Laos,China,2017,,3,?,Yitian,mobile SAM system,3,?,2018,New,,10,30,30
Laos,France,2014,?,2,?,AS365/AS565 Panther,helicopter,2,,2015,New,EC155B1 version,3.25,6.5,6.5
Laos,France,1961,?,1,,Cessna-180 Skywagon,light aircraft,1,,1962,New,Cessna-185 (U-17) version,0.18,0.18,0.18
Laos,France,1953,?,15,?,M-3A1 Scout Car,APC/APV,15,?,1954,Second hand,Second-hand; aid,0.04,0.66,0.66
Laos,France,1954,?,15,?,M-8 Greyhound,armoured car,15,?,1955,Second hand,Second-hand; aid,0.08,1.14,1.14
Laos,France,1958,?,2,,SA-313B Alouette-2,light helicopter,2,,1959,New,$0.2 m deal,0.7,1.4,1.4
Laos,France,1962,?,4,,SA-316B Alouette-3,light helicopter,4,,1963,New,,0.9,3.6,3.6
Laos,France,1954,?,10,,Fi-156 Storch,light aircraft,10,,1955,Second hand,Second-hand; aid; MS-500 Criquet version,0.05,0.48,0.48
Laos,Russia,2018,?,75,?,9M37,SAM,75,?,2018,New,Probably second-hand,0.06,4.5,4.5
Laos,Russia,2020,?,1,,An-26,transport aircraft,1,,2021,Second hand,Second-hand; aid,3.4,3.4,3.4
Laos,Russia,2018,,20,?,BRDM-2,reconnaissance AV,20,?,2018; 2019,Second hand but modernized,Second-hand but modernized to BRDM-2M before delivery,0.1,1.98,1.98
Laos,Russia,1998,?,50,?,Igla-1,portable SAM,50,?,1999,New,,0.07,3.5,3.5
Laos,Russia,2004,?,50,?,Igla-1,portable SAM,50,,2005,New,Designation uncertain; deal incl also 25 launchers,0.07,3.5,3.5
Laos,Russia,2002,,3,,Il-103,light aircraft,3,?,2003,New,Status uncertain,0.15,0.45,0.45
Laos,Russia,1997,?,1,?,Ka-32,transport helicopter,1,?,1998,New,,7.25,7.25,7.25
Laos,Russia,1999,?,1,?,Ka-32,transport helicopter,1,?,2000,New,Ka-32T version,7.25,7.25,7.25
Laos,Russia,1997,,4,,Mi-17,transport helicopter,4,?,1997; 1998,New,Mi-17-1V version; originally 12 planned but last 8 cancelled for financial reasons,7.25,29,29
Laos,Russia,2010,?,2,?,Mi-17,transport helicopter,2,?,2011,New,Mi-17V-5 version,7.25,14.5,14.5
Laos,Russia,1997,?,1,,Mi-26,transport helicopter,1,,1997,New,,28,28,28
Laos,Russia,2018,?,3,?,Strela-10,mobile SAM system,3,?,2018,Second hand,Second-hand,0.5,1.5,1.5
Laos,Russia,2018,,30,?,T-72B,tank,30,?,2018; 2019; 2020,Second hand but modernized,Second-hand T-72B version but modernized to T-72B1 before delivery,1.72,51.48,51.48
Laos,Russia,2017,,4,,Yak-130,trainer/combat aircraft,4,,2018,New,,10.5,42,42
Laos,Ukraine,1998,,1,,An-74,transport aircraft,1,,1999,New,Possibly only for government VIP transport,26,26,26
Laos,Ukraine,2006,?,1,?,An-74,transport aircraft,1,,2009,New,An-74-300 version,26,26,26
Laos,United States,1970,?,7,?,AC-47 Dragon Ship,ground attack aircraft,7,?,1970,Second hand,Second-hand; AC-47D version; aid,1.4,9.8,9.8
Laos,United States,1972,?,10,,C-123K Provider,transport aircraft,10,?,1973,Second hand,Second-hand (ex-CIA-owned Air America); aid,2.4,24,24
Laos,United States,1957,?,10,,C-47 Skytrain,transport aircraft,10,,1958,Second hand,Second-hand; 'MDAP' aid,1,10,10
Laos,United States,1971,?,5,?,C-47 Skytrain,transport aircraft,5,?,1972; 1973; 1974; 1975,Second hand,Second-hand,1,5,5
Laos,United States,1969,?,7,,Cessna-172,trainer/light aircraft,7,,1970,Second hand,Second-hand; probably aid,0.04,0.28,0.28
Laos,United States,1969,?,6,,Cessna-180 Skywagon,light aircraft,6,,1970,Second hand,Second-hand; 'MAP' aid; U-17 (Cessna-185) version,0.07,0.43,0.43
Laos,United States,1954,?,1,,Commander,light transport aircraft,1,,1956,New,Commander-520 version; for VIP transport,0.5,0.5,0.5
Laos,United States,1958,?,6,,DHC-2 Beaver,light transport aircraft,6,?,1958; 1959,Second hand,Second-hand; 'MDAP' aid,0.15,0.91,0.91
Laos,United States,1972,?,1,,EC-47,SIGINT aircraft,1,?,1972,Second hand,Second-hand,2,2,2
Laos,United States,1962,?,25,?,M-101A1 105mm,towed gun,25,?,1963,Second hand,Probably second-hand,0.18,4.5,4.5
Laos,United States,1969,?,20,?,M-113,APC,20,?,1970; 1971,Second hand,Probably second-hand,0.1,2,2
Laos,United States,1968,?,10,?,M-114 155mm,towed gun,10,?,1969,Second hand,Probably second-hand,0.2,2,2
Laos,United States,1959,?,10,?,M-24 Chaffee,light tank,10,?,1960,Second hand,Second-hand,0.3,3,3
Laos,United States,1955,?,20,?,O-1/L-19 Bird Dog,light aircraft,20,?,1956; 1957,New,Second-hand (but maximum few years old); 'MDAP' aid,0.09,1.8,1.8
Laos,United States,1960,?,4,,S-58/H-34,helicopter,4,,1961,Second hand,Second-hand; 'MAP' aid,0.75,3.01,3.01
Laos,United States,1971,?,38,?,S-58/H-34,helicopter,38,?,1972; 1973,Second hand,Second-hand (incl South Vietnamese aircraft returned to US ownership and delivered to Laos); aid,0.75,28.58,28.58
Laos,United States,1961,?,100,?,T-28D,trainer/combat aircraft,100,?,1962; 1963; 1964; 1965; 1966; 1967; 1968; 1969; 1970,Second hand,Second-hand; aid,0.7,70,70
Laos,United States,1960,?,10,,T-6 Texan,trainer aircraft,10,,1961,Second hand,Second-hand,0.1,1,1
Laos,United States,1969,?,14,?,Bell-205/UH-1D,helicopter,14,?,1970,Second hand,Probably second-hand; 'MAP' aid,0.88,12.32,12.32
Laos,Soviet Union,1976,?,6,?,An-2,light transport aircraft,6,?,1976,New,Possibly second-hand,1,6,6
Laos,Soviet Union,1962,,3,,An-2,light transport aircraft,3,,1962,Second hand,Second-hand; aid,0.4,1.2,1.2
Laos,Soviet Union,1976,,6,,An-24,transport aircraft,6,,1976; 1977,New,,7.5,45,45
Laos,Soviet Union,1978,,3,,An-26,transport aircraft,3,,1978,New,,8.5,25.5,25.5
Laos,Soviet Union,1975,?,10,?,BRDM-2,reconnaissance AV,10,?,1975,New,Possibly Second-hand,0.15,1.5,1.5
Laos,Soviet Union,1980,?,35,?,BTR-60P,APC,35,?,1981; 1982,Second hand,Probably second-hand,0.08,2.8,2.8
Laos,Soviet Union,1982,?,20,?,D-30 122mm,towed gun,20,?,1983,New,Possibly second-hand; possibly aid,0.35,7,7
Laos,Soviet Union,1976,,60,?,K-13M,SRAAM,60,?,1977,New,For MiG-21PFM combat aicraft,0.07,4.2,4.2
Laos,Soviet Union,1981,?,25,?,K-13M,SRAAM,25,?,1981,New,For MiG-21F combat aircraft,0.07,1.75,1.75
Laos,Soviet Union,1983,?,100,?,K-13M,SRAAM,100,?,1983,New,For MiG-21F combat aircraft,0.07,7,7
Laos,Soviet Union,1985,?,75,?,K-13M,SRAAM,75,?,1985,New,For MiG-21MF combat aircraft,0.07,5.25,5.25
Laos,Soviet Union,1962,,3,,Li-2T,transport aircraft,3,,1962,Second hand,Second-hand; aid,1,3,3
Laos,Soviet Union,1967,?,20,?,M-30 122mm,towed gun,20,?,1967,Second hand,Probably second-hand; supplier could be China,0.18,3.6,3.6
Laos,Soviet Union,1984,?,10,?,M-46 130mm,towed gun,10,?,1985,Second hand,Probably second-hand,0.26,2.6,2.6
Laos,Soviet Union,1962,,1,,Mi-4A,helicopter,1,,1962,Second hand,Second-hand; aid,0.75,0.75,0.75
Laos,Soviet Union,1987,,2,?,Mi-6T,transport helicopter,2,,1987; 1988,New,,18,36,36
Laos,Soviet Union,1976,,10,?,Mi-8T,transport helicopter,10,?,1977,New,,6,60,60
Laos,Soviet Union,1982,?,16,?,MiG-21bis,fighter aircraft,16,?,1983,Second hand,Second-hand; possibly incl some MiG-21UM version,5,80,80
Laos,Soviet Union,1985,?,12,?,MiG-21MF,fighter aircraft,12,?,1985,Second hand,Second-hand; possibly incl some MiG-21UM version,4.28,51.36,51.36
Laos,Soviet Union,1976,,10,?,MiG-21PFM,fighter aircraft,10,,1977,Second hand,Probably second-hand; aid,4,40,40
Laos,Soviet Union,1981,?,4,,MiG-21PFM,fighter aircraft,4,,1981,Second hand,Second-hand; possibly incl some MiG-21U version,4,16,16
Laos,Soviet Union,1975,?,10,?,PT-76,light tank,10,?,1975,New,Possibly second-hand; probably aid,0.9,9,9
Laos,Soviet Union,1983,?,1,?,S-125 Pechora,SAM system,1,?,1984,New,,17.5,17.5,17.5
Laos,Soviet Union,1970,?,5,?,SON-9,fire control radar,5,?,1971,New,For use with S-60 57mm AA guns,0.6,3,3
Laos,Soviet Union,1983,?,100,?,Strela-2,portable SAM,100,?,1984,New,,0.04,4,4
Laos,Soviet Union,1973,?,15,?,T-54,tank,15,?,1975,Second hand,Probably second-hand,0.44,6.6,6.6
Laos,Soviet Union,1973,?,15,,T-55,tank,15,?,1975,New,Possibly second-hand,1.25,18.75,18.75
Laos,Soviet Union,1983,?,35,?,V-601,SAM,35,?,1984,New,,0.12,4.2,4.2
Laos,Soviet Union,1980,?,10,?,ZSU-23-4 Shilka,self-propelled AA gun,10,?,1980; 1981,New,Supplier uncertain,7,70,70
Laos,Viet Nam,1987,?,30,?,T-34-85,tank,30,?,1987,Second hand,Second-hand; aid,0.38,11.4,11.4
Laos,South Vietnam,1970,?,3,?,AC-47 Dragon Ship,ground attack aircraft,3,?,1970,Second hand,Second-hand,1.4,4.2,4.2
Laos,unknown supplier(s),2018,?,10,?,BMP-1,IFV,10,?,2018,Second hand,Second-hand; supplier probably Russia,0.36,3.6,3.6
Latvia,Austria,2017,,47,,M-109A5 155mm,self-propelled gun,47,?,2017; 2018,Second hand,Second-hand,0.5,23.5,23.5
Latvia,Czechia,1994,,26,,M-53 100mm,towed gun,26,,1995,Second hand,Second-hand; aid; Latvian designation K-53,0.14,3.64,3.64
Latvia,Czechia,1995,,26,,PM-43 120mm,mortar,26,,1995,Second hand,Second-hand; designation uncertain (reported as '120mm mortar'),0.1,2.6,2.6
Latvia,Czechia,1999,?,5,?,T-55AM-2,tank,5,?,2001,Second hand,Second-hand; aid,0.6,3,3
Latvia,Denmark,2017,,50,?,Stinger,portable SAM,50,?,2018,Second hand,Second-hand,0.03,1.6,1.6
Latvia,Finland,2021,,200,,Patria 6x6,APC,67,?,2021; 2022; 2023,New,'Common Armoured Vehicle System' (CAVS) version; delivery planned 2021-2029,0.35,70,23.45
Latvia,Finland,2021,,200,?,vehicle engine,vehicle engine,67,?,2021; 2022; 2023,New,Scania DC-09 (395hp) dieselengine for 161 Patria 6x6 APC produced in Finland,0.05,10,3.35
Latvia,Germany,2023,,,,IRIS-T SL,SAM system,0,,,New,Bought in cooperation with Estonia; delivery planned from 2026,25,0,0
Latvia,Germany,2023,,,,IRIS-T SLM,SAM,0,,,New,For IRIS-T SL SAM system,0.4,0,0
Latvia,Germany,1993,,2,,Kondor,minesweeper,2,,1994,Second hand,Former GDR equipment; armament and minesweeping gear removed before delivery; Kondor-2 version; 1 more Kondor-1 delivered for spares only; Latvian designation Viesturs,6,12,12
Latvia,Germany,1993,?,2,,L-410 Turbolet,light transport aircraft,2,,1993,Second hand,Former GDR equipment; aid; L-410UVP version,1.04,2.08,2.08
Latvia,Germany,1999,,1,,Lindau/Type-320,minesweeper,1,,1999,Second hand,Second-hand; aid; 1 more delivered for spares only; Latvian designation Nemejs,4.4,4.4,4.4
Latvia,Germany,1992,,1,,Osa,patrol craft,1,,1993,Second hand,Former GDR FAC with armament removed before delivery; 2 more for spares only; Latvian designation Zibens,5.6,5.6,5.6
Latvia,Germany,1995,?,1,,Osa,patrol craft,1,,1995,Second hand,Former GDR FAC with armament removed before delivery; 1 more for spares only; Latvian designation Zibens,5.6,5.6,5.6
Latvia,Germany,2008,?,5,,SWATH-125t,patrol craft,5,?,2011; 2012; 2013; 2014,New,Latvian designation Skrunda,4.6,23,23
Latvia,Israel,2018,,50,?,Spike-ER,anti-tank missile,50,?,2021,New,Part of EUR108 m deal; Spike-ER2 version; for CVR-T tank destroyers; from German production line,0.06,3,3
Latvia,Israel,2008,,60,?,Spike-MR/LR,anti-tank missile,60,?,2008,New,Spike-LR version,0.03,1.8,1.8
Latvia,Israel,2018,,250,?,Spike-MR/LR,anti-tank missile,250,?,2020; 2021; 2022; 2023,New,Part of EUR108 m deal; from German production line; Spike-LR2 version,0.03,7.5,7.5
Latvia,Israel,2018,,250,?,Spike-SR,anti-tank missile,250,?,2019,New,Part of EUR108 m deal; from German production line,0.02,5,5
Latvia,Italy,2006,,2,,A-109K,light helicopter,2,,2007,New,A109 Power version; for border guard; from US production line,2.75,5.5,5.5
Latvia,Netherlands,2004,,1,,Buyskes,survey ship,1,,2004,Second hand,Second-hand; aid; for use as support and training ship; Latvian designation Varonis,8,8,8
Latvia,Netherlands,2005,,5,,Tripartite,MCM ship,5,,2007; 2008; 2011,Second hand,Second-hand; EUR57 m deal; Latvian designation Imanta,22,110,110
Latvia,Norway,2023,,,,NSM,anti-ship missile,0,,,New,For NSM coastal defence system,1,0,0
Latvia,Norway,2023,,2,?,NSM CDS,coastal defence system,0,,,New,$105 m deal (70% financed with military aid from USA); delivery planned 2027,5,10,0
Latvia,Norway,1994,,1,,Storm,patrol craft,1,,1995,Second hand,Second-hand FAC but armament removed before delivery; aid; Latvian designation Bulta,3,3,3
Latvia,Norway,2001,,3,,Storm,patrol craft,3,,2001,Second hand,Second-hand FAC but missiles and torpedoes removed before delivery; aid; Latvian designation Bulta,3,9,9
Latvia,Norway,2002,,1,,Vidar,minelayer,1,,2003,Second hand,Second-hand; for use as command and support ship,12,12,12
Latvia,Poland,2003,,5,,BLG-60,armoured bridgelayer,5,,2003,Second hand,Second-hand; aid,0.36,1.8,1.8
Latvia,Poland,1992,?,2,?,BRDM-2,reconnaissance AV,2,,1992,Second hand,Second-hand,0.06,0.12,0.12
Latvia,Poland,1994,?,4,?,Mi-2,light helicopter,4,?,1995; 1996; 1997,Second hand,Second-hand,0.44,1.76,1.76
Latvia,Poland,2022,,,,Piorun,portable SAM,0,,,New,,0.08,0,0
Latvia,Russia,2003,?,2,,Mi-17,transport helicopter,2,,2004; 2005,Second hand but modernized,Second-hand but possibly modernized before delivery; $4.8 m deal; Mi-8MTV-1 version; incl for SAR,4.79,9.57,9.57
Latvia,Sweden,1997,,8,,RBS-56 Bill,anti-tank missile,8,?,1998,New,Second-hand; loan; deal incl also 2 launchers; for use with BaltBat joint Baltic peacekeeing unit,0.02,0.16,0.16
Latvia,Sweden,2022,,2,?,Giraffe-1X,air search radar,2,?,2023,New,,7.5,15,15
Latvia,Sweden,2000,?,1,?,Giraffe-40,air search radar,1,?,2001,Second hand,Second-hand; aid,1.3,1.3,1.3
Latvia,Sweden,2004,,2,?,Giraffe-40,air search radar,2,?,2006; 2007,Second hand,Second-hand; for use with RBS-70 SAM systems,1.3,2.6,2.6
Latvia,Sweden,2001,?,18,?,M/41D 120mm,mortar,18,?,2001; 2002; 2003,Second hand,Second-hand,0.1,1.8,1.8
Latvia,Sweden,2010,?,16,?,M/41D 120mm,mortar,16,,2010,Second hand,Second-hand,0.1,1.6,1.6
Latvia,Sweden,1993,,13,,M/42 SKPF,APC,13,,1993,Second hand,Second-hand; aid,0.04,0.57,0.57
Latvia,Sweden,2004,,102,?,RBS-70,portable SAM,102,,2006; 2007,New,SEK185 m ($28 m) deal (incl Second-hand launchers as aid),0.08,8.16,8.16
Latvia,Sweden,2015,,50,?,RBS-70,portable SAM,50,?,2015; 2016,New,,0.08,4,4
Latvia,Sweden,2016,,50,?,RBS-70,portable SAM,50,?,2016; 2017,New,,0.08,4,4
Latvia,Sweden,2022,,50,?,RBS-70,portable SAM,50,?,2022; 2023,New,,0.08,4,4
Latvia,United Kingdom,2014,,50,?,Scimitar,light tank,50,?,2015; 2016; 2017; 2018; 2019; 2020,Second hand,Second-hand; part of GBP39 m/EUR48 m ($60 m) deal,0.33,16.6,16.6
Latvia,United Kingdom,2019,,40,?,Scimitar,light tank,40,?,2020; 2021; 2022,Second hand,Second-hand,0.33,13.28,13.28
Latvia,United Kingdom,2014,,73,?,Spartan,APC,73,?,2015; 2016; 2017; 2018; 2019; 2020,Second hand,Second-hand; part of GBP39 m/EUR48 m ($60 m) deal; incl Sultan command post; Samaritan ambulance and Samson ARV versions,0.1,7.3,7.3
Latvia,United Kingdom,2019,,42,?,Spartan,APC,42,?,2020; 2021; 2022,Second hand,Second-hand,0.1,4.2,4.2
Latvia,United States,2023,,10,?,ATACMS Block-1A,SSM,0,,,New,For HIMARS MRL,2,20,0
Latvia,United States,2010,,8,,Cougar,APC,8,,2010,Second hand,Second-hand; loan for use in Afghanistan,0.14,1.12,1.12
Latvia,United States,2023,,144,,GMLRS,guided rocket,0,,,New,For HIMARS MRL,0.08,11.52,0
Latvia,United States,2023,,6,,M-142 HIMARS,self-propelled MRL,0,,,New,$180 m deal; delivery planned from 2027,1.1,6.6,0
Latvia,United States,2010,,40,,HMMWV-UA,APV,40,,2010,Second hand,Second-hand; loan for use in Afghanistan,0.05,2.08,2.08
Latvia,United States,2023,,4,,MD-500E,light helicopter,0,,,New,Armed MD-530F version; selected but not yet ordered by end-2023,0.7,2.8,0
Latvia,United States,2015,,4,,MPQ-64 Sentinel,air search radar,4,,2016,New,,5,20,20
Latvia,United States,2019,,4,,S-70 Black Hawk,transport helicopter,2,,2022,New,EUR175 m deal; UH-60M version,7.25,29,14.5
Latvia,United States,2001,,1,,TPS-77,air search radar,1,,2003,New,$13 m deal (part of $30 m deal); for 'BALTNET' air surveillance network,11,11,11
Latvia,United States,2015,,3,,TPS-77,air search radar,3,?,2018; 2019,New,TPS-77 MRR version,11,33,33
Latvia,United States,2007,,2,,TPS-77,air search radar,2,?,2009; 2010,New,$44 m deal,11,22,22
Latvia,unknown supplier(s),1999,?,1,,Mi-17,transport helicopter,1,,2000,Second hand,Probably second-hand; Mi-8MTV-1 version; incl for SAR,2.9,2.9,2.9
Latvia,unknown supplier(s),2001,?,1,,Mi-17,transport helicopter,1,,2002,Second hand,Probably second-hand; Mi-8MTV-1 version; incl for SAR,2.9,2.9,2.9
Lebanon,Belgium,2007,,22,,AIFV,IFV,22,,2009; 2010,Second hand,Second-hand,0.36,7.92,7.92
Lebanon,Belgium,2007,,12,,M-113,APC,12,,2009,Second hand,Second-hand; ambulance version,0.1,1.2,1.2
Lebanon,Brazil,2015,,6,,EMB-314 Super Tucano,trainer/combat aircraft,6,,2017; 2018,New,$173 m deal; A-29B version; from US production line; for combat role,4.5,27,27
Lebanon,Brazil,2014,,20,?,VBTP Guarani,APC,20,?,2017,New,Part of EUR30 m deal; ordered via Italy; VBTP-MR version,0.3,6,6
Lebanon,Canada,2015,,8,?,aircraft engine,aircraft engine,8,?,2017; 2018,New,Pratt & Whitney Canada PT-6A-68C (1250hp) turboprop; for 6 EMB-314 trainer/combat aircraft from Brazil; incl 2 spare engines,0.5,4,4
Lebanon,Canada,1949,?,3,,DHC-1 Chipmunk,trainer aircraft,3,,1950,New,,0.12,0.36,0.36
Lebanon,France,1970,?,74,,AML,armoured car,74,?,1973; 1974,New,,0.7,51.8,51.8
Lebanon,France,1971,?,22,,AMX-13/105,light tank,22,,1972,New,,1.1,24.2,24.2
Lebanon,France,1955,?,42,,AMX-13/75,light tank,42,,1957,New,,0.9,37.8,37.8
Lebanon,France,1981,?,13,,AMX-13/90,light tank,13,,1981,Second hand,Second-hand; aid; 'Messidor' deal,0.44,5.72,5.72
Lebanon,France,1984,?,30,?,AMX-VCI,APC,30,?,1984,Second hand,'Messidor' deal,0.12,3.6,3.6
Lebanon,France,1971,?,60,?,AMX-VCI,APC,60,?,1972,New,,0.3,18,18
Lebanon,France,1979,,25,?,AS-12,anti-ship missile/ASM,25,?,1980,New,For SA-342K helicopters,0.02,0.5,0.5
Lebanon,France,1965,?,5,?,CM-170 Magister,trainer aircraft,5,?,1967,New,No. could be 4,1,5,5
Lebanon,France,1972,?,4,,CM-170 Magister,trainer aircraft,4,,1973,New,Second-hand aircraft sold back to French producer; rebuilt to CM-170-2 version and sold to Lebanon,1,4,4
Lebanon,France,1982,?,2,,EDIC,landing craft,2,,1985,New,'Messidor' deal; Lebanese designation Sour,14,28,28
Lebanon,France,1966,?,250,?,ENTAC,anti-tank missile,250,?,1967,New,,0.01,2.5,2.5
Lebanon,France,2009,,1,,Gwalarn,patrol craft,1,,2009,Second hand,Second-hand; Lebanese designation Al Kalamoun,1.4,1.4,1.4
Lebanon,France,2016,,600,?,HOT,anti-tank missile,600,?,2017; 2018; 2019,Second hand,Second-hand; aid; for VAB-VCAC tank destroyers; HOT-2 version,0.01,4.8,4.8
Lebanon,France,1971,?,30,?,M-3 VTT,APC,30,?,1973,New,,0.16,4.8,4.8
Lebanon,France,1979,,200,?,MILAN,anti-tank missile,200,?,1980,New,$3.5 m deal (incl 18 launchers),0.01,2,2
Lebanon,France,1975,,188,,MILAN,anti-tank missile,188,?,1976,New,Deal also incl 18 launchers,0.01,1.88,1.88
Lebanon,France,1977,,216,,MILAN,anti-tank missile,216,?,1978,New,,0.01,2.16,2.16
Lebanon,France,2014,,48,,MILAN,anti-tank missile,48,,2015,New,Milan F2A version; incl 16 launchers; financed by Saudi Arabia,0.01,0.48,0.48
Lebanon,France,1965,,12,,Mirage-3E,FGA aircraft,12,?,1966; 1967,New,Mirage-3EL version; incl 2 Mirage-3BL,12,144,144
Lebanon,France,1970,?,15,?,MO-120-M65 120mm,mortar,15,?,1971,New,,0.25,3.75,3.75
Lebanon,France,1965,?,20,?,Model-50 155mm,towed gun,20,?,1965,New,,0.75,15,15
Lebanon,France,1960,?,10,?,MW-50 120mm,mortar,10,?,1961,New,,0.25,2.5,2.5
Lebanon,France,1966,?,15,?,R-530,SRAAM,15,?,1967; 1968,New,For Mirage-3E combat aircraft,0.1,1.5,1.5
Lebanon,France,1960,?,3,,SA-313B Alouette-2,light helicopter,3,,1961,New,,0.7,2.1,2.1
Lebanon,France,1961,?,1,,SA-313B Alouette-2,light helicopter,1,,1962,Second hand,Second-hand; loan until 1965,0.28,0.28,0.28
Lebanon,France,1972,,7,,SA-316B Alouette-3,light helicopter,7,,1973; 1974,New,,0.9,6.3,6.3
Lebanon,France,1962,?,6,,SA-316B Alouette-3,light helicopter,6,?,1963,New,,0.9,5.4,5.4
Lebanon,France,1978,,3,?,SA-330 Puma,helicopter,3,?,1980; 1982,New,,6,18,18
Lebanon,France,1983,,3,?,SA-330 Puma,helicopter,3,?,1984,New,'Messidor' deal,6,18,18
Lebanon,France,1979,,4,,SA-342 Gazelle,light helicopter,4,,1980,New,,0.85,3.4,3.4
Lebanon,France,2012,?,9,?,Sherpa,APC/APV,9,,2013,New,,0.25,2.25,2.25
Lebanon,France,1979,,25,?,SS-11,anti-tank missile,25,?,1980,New,For SA-342K helicopters,0.01,0.25,0.25
Lebanon,France,1975,?,100,,SS-11,anti-tank missile,100,?,1975,New,,0.01,1,1
Lebanon,France,2016,,25,?,VAB-VCAC,tank destroyer,25,?,2017; 2018; 2019,Second hand,Second-hand; aid,0.36,9,9
Lebanon,France,1983,,90,?,VAB-VCI,IFV,90,?,1984,New,'Messidor' deal; 4-wheeled version; incl some VAB-PC CP; VAB-ECH ARV and VAB-VTT APC versions,0.75,67.5,67.5
Lebanon,France,1981,,5,,VAB-VTT,APC,5,,1981,New,'Messidor' deal; aid; 4-wheeled version,0.3,1.5,1.5
Lebanon,France,2011,,8,,VAB-VTT,APC,8,,2011,Second hand,Second-hand; aid; 4-wheeled version,0.12,0.96,0.96
Lebanon,France,2012,?,4,?,VAB-VTT,APC,4,,2013,New,,0.3,1.2,1.2
Lebanon,France,2023,,25,?,VAB-VTT,APC,0,,,Second hand,Second-hand; aid,0.12,3,0
Lebanon,Germany,2007,,1,,Bremen-2,patrol craft,1,,2007,Second hand,Second-hand,2.4,2.4,2.4
Lebanon,Germany,2008,,1,,Totendorf,patrol craft,1,,2008,Second hand,Second-hand; aid,1.4,1.4,1.4
Lebanon,Iran,1952,?,6,,T-6 Texan,trainer aircraft,6,,1952,Second hand,Second-hand; aid,0.1,0.6,0.6
Lebanon,Iraq,1956,?,6,,DH-82 Tiger Moth,trainer aircraft,6,,1957,Second hand,Second-hand; aid,0.04,0.24,0.24
Lebanon,Italy,1979,,6,,Bell-212/UH-1N,helicopter,6,,1980,New,$9 m deal; AB-212 version,3.7,22.2,22.2
Lebanon,Italy,1972,?,6,,Bell-212/UH-1N,helicopter,6,?,1973; 1974,New,AB-212 version,3.7,22.2,22.2
Lebanon,Italy,2013,?,3,?,Falco,UAV,3,?,2014,New,,0.2,0.6,0.6
Lebanon,Italy,2014,,25,,LMV,APV,25,?,2016; 2017,New,Part of EUR30 m deal,0.15,3.75,3.75
Lebanon,Italy,2014,,5,?,MPV-VTTM,APC,5,?,2015,New,Part of EUR30 m deal,0.25,1.25,1.25
Lebanon,Italy,2014,,20,?,vehicle engine,vehicle engine,20,?,2017,New,Cursor-9 (380hp) diesel engine; for 20 VBTP APC from Brazil,0.05,1,1
Lebanon,Jordan,2014,,12,?,M-109A1 155mm,self-propelled gun,12,?,2015,Second hand,Second-hand; aid; M-109A2 version,0.44,5.28,5.28
Lebanon,Jordan,2014,?,30,,M-113,APC,30,,2015,Second hand,Second-hand; aid,0.1,3,3
Lebanon,Jordan,1983,,40,?,M-48A5 Patton,tank,40,?,1983,Second hand,Second-hand; aid,0.7,28,28
Lebanon,Jordan,2008,?,66,?,M-60A3 Patton-2,tank,66,?,2009; 2010,Second hand,Second-hand; probably paid by USA,0.84,55.44,55.44
Lebanon,Portugal,1972,?,30,?,Chaimite,APC,30,?,1973,New,For police,0.18,5.4,5.4
Lebanon,Romania,1983,?,6,,SA-330 Puma,helicopter,6,,1984,New,IAR-330 version; sold via France,6,36,36
Lebanon,Syria,1991,?,180,?,T-54,tank,180,?,1992; 1993,Second hand,Second-hand; incl some T-55 tanks; aid,0.44,79.2,79.2
Lebanon,UAE,2009,,10,,SA-330 Puma,helicopter,10,,2010,Second hand,Second-hand; aid; IAR-330SM version,2.4,24,24
Lebanon,UAE,2018,?,1,?,SA-330 Puma,helicopter,1,?,2018,Second hand,Second-hand; IAR-330SM version; probably aid,2.4,2.4,2.4
Lebanon,UAE,2006,?,9,,SA-342 Gazelle,light helicopter,9,,2007,Second hand,Second-hand; aid,0.34,3.06,3.06
Lebanon,UAE,2018,?,1,?,SA-342 Gazelle,light helicopter,0,,,Second hand,Second-hand; SA-342L version; supplier uncertain,0.34,0.34,0
Lebanon,United Kingdom,1964,?,15,?,AEC Mk-3,armoured car,15,?,1965,Second hand,Second-hand,0.06,0.9,0.9
Lebanon,United Kingdom,1975,,6,,Bulldog,trainer aircraft,6,,1975,New,Bulldog-126 version,0.24,1.44,1.44
Lebanon,United Kingdom,1957,?,33,,Charioteer,tank destroyer,33,?,1958,Second hand,Second-hand,0.36,11.88,11.88
Lebanon,United Kingdom,1954,,11,,DHC-1 Chipmunk,trainer aircraft,11,,1954,Second hand,Chipmunk T-30 version,0.05,0.53,0.53
Lebanon,United Kingdom,1956,?,6,,Hunter,fighter aircraft,6,?,1958; 1959,New,Second-hand (but maximum only 2 years old); Hunter F-6 version; financed by US 'Offshore Procurement Programme' aid,3.6,21.6,21.6
Lebanon,United Kingdom,1975,,6,,Hunter,FGA aircraft,6,,1975; 1977,Second hand but modernized,Second-hand Hunter FGA-9 modernized to Hunter FGA-70A before delivery,2.64,15.84,15.84
Lebanon,United Kingdom,1963,?,7,?,Hunter,FGA aircraft,7,?,1965,Second hand but modernized,Second-hand Hunter modernized to Hunter FGA-70 (FGA-9 before delivery); incl 3 Hunter T-66C version,2.64,18.48,18.48
Lebanon,United Kingdom,1957,?,15,?,T-17E1 Staghound,armoured car,15,?,1957,Second hand,Second-hand,0.1,1.44,1.44
Lebanon,United Kingdom,1953,?,16,?,T-17E1 Staghound,armoured car,16,?,1954,Second hand but modernized,Second-hand; modernized before delivery,0.16,2.53,2.53
Lebanon,United Kingdom,1952,,6,,T-6 Texan,trainer aircraft,6,,1952,Second hand,Second-hand; Harvard-2B version,0.1,0.6,0.6
Lebanon,United Kingdom,1953,,6,,Vampire FB-5,fighter aircraft,6,,1953; 1955,New,Vampire FB-52 version,3.2,19.2,19.2
Lebanon,United Kingdom,1958,?,7,,Vampire FB-5,fighter aircraft,7,,1958,Second hand,Second-hand; incl 3 Vampire FB-9 versions; probably financed by US aid,1.28,8.96,8.96
Lebanon,United Kingdom,1952,?,3,,Vampire T-55,trainer aircraft,3,,1953; 1955,New,,2.25,6.75,6.75
Lebanon,United Kingdom,1957,?,1,,Vampire T-55,trainer aircraft,1,,1957,Second hand,Second-hand,0.9,0.9,0.9
Lebanon,United States,2008,,20,?,AGM-114 Hellfire-2,anti-tank missile/ASM,20,?,2009,New,For Cessna-208B (AC-208) light transport aircraft,0.05,1,1
Lebanon,United States,2014,,100,?,AGM-114 Hellfire-2,anti-tank missile/ASM,100,?,2014,New,For Cessna-208B (AC-208) light transport aircraft; aid,0.05,5,5
Lebanon,United States,2014,,50,?,AGM-114 Hellfire-2,anti-tank missile/ASM,50,?,2015,New,,0.05,2.5,2.5
Lebanon,United States,2015,?,100,?,AGM-114 Hellfire-2,anti-tank missile/ASM,100,?,2015,New,,0.05,5,5
Lebanon,United States,2017,?,1000,?,AGM-114 Hellfire-2,anti-tank missile/ASM,1000,?,2019; 2020; 2021,New,,0.05,50,50
Lebanon,United States,2016,,2000,?,WGU-59 APKWS,ASM,2000,?,2019; 2020; 2021; 2022,New,For A-29B (EMB-314) trainer/combat aircraft,0.01,20,20
Lebanon,United States,2008,?,1,,Cessna-208 Caravan,light transport aircraft,1,,2009,New,Cessna-208B (AC-208) armed version; aid,1,1,1
Lebanon,United States,2011,?,1,,Cessna-208 Caravan,light transport aircraft,1,,2013,Second hand but modernized,Second-hand Cessna-208B but modernized to surveillance aircraft before delivery; aid,0.66,0.66,0.66
Lebanon,United States,2015,,1,,Cessna-208 Caravan,light transport aircraft,1,,2016,New,Cessna-208B (AC-208) armed version; aid,1,1,1
Lebanon,United States,2015,?,1000,?,M-712 Copperhead,guided shell,1000,?,2015; 2018,Second hand,Second-hand; aid,0.01,12,12
Lebanon,United States,2010,,1,,CSC-43m,patrol craft,1,,2012,New,$29 m aid; Lebanese designation Tablous,12.2,12.2,12.2
Lebanon,United States,2016,,10,,M-992 FAASV,ALV,10,,2017,Second hand,Second-hand; aid,0.24,2.4,2.4
Lebanon,United States,2017,,28,,M-992 FAASV,ALV,28,,2019,Second hand,Second-hand; aid ,0.24,6.72,6.72
Lebanon,United States,2014,?,74,?,HMMWV-UA,APV,74,?,2015; 2016,Second hand,Probably second-hand; aid,0.05,3.85,3.85
Lebanon,United States,2018,?,150,,HMMWV-UA,APV,150,,2019,New,Aid,0.13,19.5,19.5
Lebanon,United States,2012,?,24,?,K-6 120mm,mortar,24,,2013,Second hand,Probably second-hand; M-120A1 version,0.1,2.4,2.4
Lebanon,United States,2020,,52,?,K-6 120mm,mortar,52,,2020; 2021; 2022,New,,0.25,13,13
Lebanon,United States,1979,?,18,?,M-102 105mm,towed gun,18,,1982,Second hand,Second-hand; aid,0.2,3.6,3.6
Lebanon,United States,1997,?,5,?,M-106,self-propelled mortar,5,,1998,Second hand,Second-hand; aid,0.2,1,1
Lebanon,United States,2017,?,24,,M-109A5 155mm,self-propelled gun,24,?,2022,Second hand,Second-hand,0.5,12,12
Lebanon,United States,1979,,26,,M-113,APC,26,,1982,New,M-113A2 version,0.25,6.5,6.5
Lebanon,United States,1983,,346,?,M-113,APC,346,?,1984; 1985,New,Delivery temporary halted after attack on US forces in Lebanon; M-113A2 version; incl 25 M-577A2 command post and 93 M-125A1 81mm mortar carrier version,0.25,86.5,86.5
Lebanon,United States,1961,?,100,?,M-113,APC,100,?,1962; 1963,New,,0.25,25,25
Lebanon,United States,1970,?,50,?,M-113,APC,50,?,1971; 1972,New,$3 m deal; M-113A1 version,0.25,12.5,12.5
Lebanon,United States,1994,,175,,M-113,APC,175,,1994,Second hand,Second-hand; $37 m deal; M-113A2 version,0.1,17.5,17.5
Lebanon,United States,1995,,225,,M-113,APC,225,,1995,Second hand,Second-hand; $37 m deal; M-113A2 version,0.1,22.5,22.5
Lebanon,United States,1994,,305,?,M-113,APC,305,?,1996; 1997; 1998,Second hand,Second-hand; M-113A2 version; aid,0.1,30.5,30.5
Lebanon,United States,1995,,25,,M-113,APC,25,,1995,Second hand,Second-hand; aid; M-577A2 CP version,0.1,2.5,2.5
Lebanon,United States,1996,,80,,M-113,APC,80,,1997,Second hand,Second-hand; aid; M-113A2 version,0.1,8,8
Lebanon,United States,1999,,1,,M-113,APC,1,,2000,Second hand,Second-hand; M-113A2 version,0.1,0.1,0.1
Lebanon,United States,2012,,200,,M-113,APC,200,,2013,Second hand,Second-hand; aid,0.1,20,20
Lebanon,United States,1979,?,24,?,M-114 155mm,towed gun,24,?,1980; 1981; 1983,Second hand,Second-hand; aid; no. could be 25,0.2,4.8,4.8
Lebanon,United States,1982,,12,,M-198 155mm,towed gun,12,,1983,New,,0.85,10.2,10.2
Lebanon,United States,2007,,71,?,M-198 155mm,towed gun,71,,2009; 2010,Second hand,Second-hand; aid,0.34,24.14,24.14
Lebanon,United States,2014,,72,,M-198 155mm,towed gun,72,,2015,Second hand,Second-hand; aid,0.34,24.48,24.48
Lebanon,United States,2015,,40,,M-198 155mm,towed gun,40,,2016,Second hand,Second-hand; aid,0.34,13.6,13.6
Lebanon,United States,2016,?,32,,M-2 Bradley,IFV,32,,2017; 2018,Second hand,Second-hand; aid; M-2A2 version,0.64,20.48,20.48
Lebanon,United States,1958,?,50,?,M-41 Walker Bulldog,light tank,50,?,1958,Second hand,Second-hand; aid,0.44,22,22
Lebanon,United States,1957,?,15,?,M-42 Duster,self-propelled AA gun,15,?,1958,New,Possibly Second-hand; aid; no. could be 20,1.2,18,18
Lebanon,United States,1983,,68,,M-48A5 Patton,tank,68,?,1983; 1984,Second hand,Second-hand; $64 m deal,0.7,47.6,47.6
Lebanon,United States,1983,?,34,,M-48A5 Patton,tank,34,,1983,Second hand,Second-hand; $32 m deal,0.7,23.8,23.8
Lebanon,United States,1981,?,17,,M-578,ARV,17,,1982,New,,0.36,6.12,6.12
Lebanon,United States,1995,?,28,,M-578,ARV,28,,1996,Second hand,Second-hand; aid,0.14,4.03,4.03
Lebanon,United States,1957,?,30,?,M-59,APC,30,?,1958,Second hand,Probably second-hand,0.09,2.64,2.64
Lebanon,United States,2017,,2,,M-88A2 HERCULES,ARV,2,,2019,New,Aid,2,4,4
Lebanon,United States,2018,,6,,MD-500E,light helicopter,6,?,2020; 2021,New,$94 m 'Building Partner Capacity' aid; MD-530F+ version,0.7,4.2,4.2
Lebanon,United States,2003,?,4,,R-44,light helicopter,4,,2005,New,R44 Raven-2 version; for training,0.25,1,1
Lebanon,United States,2017,?,2,?,R-44,light helicopter,2,?,2018,New,R-44 Raven-2 version; for training,0.25,0.5,0.5
Lebanon,United States,2017,,6,,ScanEagle,UAV,6,,2019,New,'Building Partner Capacity' aid (worth $11 m),0.04,0.24,0.24
Lebanon,United States,2021,,3,,SP-2600,patrol craft,3,,2023,Second hand,Second-hand; aid; Marine Protector version,1.68,5.04,5.04
Lebanon,United States,1979,?,100,,BGM-71 TOW,anti-tank missile,100,,1980,New,,0.01,1,1
Lebanon,United States,1974,,200,?,BGM-71 TOW,anti-tank missile,200,?,1975; 1976,New,,0.01,2,2
Lebanon,United States,2014,?,239,,BGM-71 TOW,anti-tank missile,239,,2015,New,Possibly second-hand; deal incl also 20 launchers; aid,0.01,2.39,2.39
Lebanon,United States,2016,?,350,?,BGM-71 TOW,anti-tank missile,350,?,2017,Second hand,For 32 M-2A2 IFV; aid,0,1.4,1.4
Lebanon,United States,2017,,1500,?,BGM-71F TOW-2B,anti-tank missile,1500,?,2018; 2019; 2020,New,Incl 1000 BGM-71E and 500 BGM-71H versions,0.02,30,30
Lebanon,United States,1994,,16,,Bell-205/UH-1H,helicopter,16,,1995,Second hand,Second-hand; aid,1.05,16.77,16.77
Lebanon,United States,1998,,8,?,Bell-205/UH-1H,helicopter,8,?,1999; 2000,Second hand,Second-hand; aid; some more delivered for spares only,1.05,8.38,8.38
Lebanon,United States,2012,,6,,UH-1H Huey-2,helicopter,6,,2012,New,$58 m aid (incl $33 m for aircraft only); second-hand UH-1H rebuilt to Huey-2,3.1,18.6,18.6
Lebanon,United States,2014,,6,?,UH-1H Huey-2,helicopter,6,?,2016; 2017,New,Second-hand UH-1H rebuilt to Huey-2; aid,3.1,18.6,18.6
Lebanon,United States,2020,?,3,,UH-1H Huey-2,helicopter,3,,2021,New,Second-hand UH-1H rebuilt to Huey-2,3.1,9.3,9.3
Lebanon,United States,2021,?,3,,UH-1H Huey-2,helicopter,3,,2022,New,Second-hand UH-1H rebuilt to Huey-2,3.1,9.3,9.3
Lebanon,Soviet Union,1982,?,6,?,2A36 Giatsint-B 152mm,towed gun,6,?,1983,New,,1,6,6
Lebanon,Soviet Union,1971,?,20,?,M-30 122mm,towed gun,20,?,1972,Second hand,Possibly Second-hand; designation uncertain; no. could be 24,0.18,3.6,3.6
Lebanon,Soviet Union,1982,?,22,?,M-30 122mm,towed gun,22,?,1982,Second hand,Second-hand; supplier could be Syria,0.18,3.96,3.96
Lebanon,Soviet Union,1982,?,16,?,M-46 130mm,towed gun,16,?,1982,Second hand,Second-hand; supplier could be Syria,0.26,4.16,4.16
Lebanon,unknown supplier(s),1978,?,40,?,Saladin,armoured car,40,?,1979,Second hand,Second-hand; supplier could be UK or Jordan,0.28,11.2,11.2
Lebanon,unknown supplier(s),1978,?,100,?,Saracen,APC,100,?,1979,Second hand,Second-hand; supplier could be UK,0.08,8,8
Lesotho,Australia,2003,?,1,,GA-8 Airvan,light transport aircraft,1,,2004,New,,0.24,0.24,0.24
Lesotho,France,2016,?,1,,AS-350/AS-550 Fennec,light helicopter,1,,2017,New,H-125 version,0.9,0.9,0.9
Lesotho,France,2017,?,1,,AS-350/AS-550 Fennec,light helicopter,1,,2018,New,Possibly second-hand; supplier uncertain,0.9,0.9,0.9
Lesotho,France,2019,,1,,AS-350/AS-550 Fennec,light helicopter,1,,2019,New,,0.9,0.9,0.9
Lesotho,Germany,1980,?,2,,Bo-105,light helicopter,2,?,1980,New,,1.2,2.4,2.4
Lesotho,Germany,2000,?,2,,Bo-105,light helicopter,2,,2001,New,Bo-105LSA-3 version,1.2,2.4,2.4
Lesotho,Germany,2003,?,1,,Bo-105,light helicopter,1,,2004,New,,1.2,1.2,1.2
Lesotho,Germany,1980,,1,,Do-27,light transport aircraft,1,,1980,Second hand but modernized,Second-hand but modernized before delivery,0.08,0.08,0.08
Lesotho,Germany,1980,,1,,Do-28B,light transport aircraft,1,,1980,Second hand but modernized,Second-hand but modernized before delivery,0.4,0.4,0.4
Lesotho,Israel,2006,?,6,,RAM,APV,6,,2006,New,RAM Mk-3 version,0.12,0.72,0.72
Lesotho,Israel,1976,?,10,,RBY-1,APV,10,?,1977,New,,0.12,1.2,1.2
Lesotho,Italy,1982,?,2,?,Bell-412,helicopter,2,,1986,New,Delivery blocked by South Africa from 1984 until 1986; AB-412 version,5,10,10
Lesotho,Libya,1983,?,2,,Mi-2,light helicopter,2,,1983,Second hand,Second-hand; aid,0.44,0.88,0.88
Lesotho,Spain,1988,?,2,,C-212,transport aircraft,2,,1989,New,C-212-300 version,3.8,7.6,7.6
Lesotho,Spain,1990,,1,,C-212,transport aircraft,1,,1991,New,C-212-300 version,3.8,3.8,3.8
Lesotho,Spain,2000,?,1,,C-212,transport aircraft,1,,2001,New,C-212-400 version,3.8,3.8,3.8
Lesotho,United Kingdom,1978,,2,,Skyvan,light transport aircraft,2,,1979,New,,2.5,5,5
Lesotho,United States,1998,,1,,Bell-412,helicopter,1,,1998,New,Incl for VIP transport; Bell-412EP version; from Canadian production line,5,5,5
Lesotho,United States,1989,?,1,,Cessna-180 Skywagon,light aircraft,1,,1989,New,Cessna-182Q version,0.18,0.18,0.18
Lesotho,unknown supplier(s),1985,?,1,?,Bell-47/OH-13,light helicopter,1,,1985,Second hand,Second-hand; Bell-47G-3B1 version,0.1,0.1,0.1
Liberia,South Korea,1989,?,1,,Sea Dolphin,patrol craft,1,,1989,New,,12,12,12
Liberia,Romania,1986,?,6,?,APR-40 122mm,self-propelled MRL,6,?,1987,New,Part of $4 m deal,0.6,3.6,3.6
Liberia,Romania,1986,?,8,?,BS-3 100mm,towed gun,8,?,1987,Second hand,Second-hand; part of $4 m deal,0.14,1.12,1.12
Liberia,Romania,1986,?,8,?,BTR-50,APC,8,?,1987,Second hand,Second-hand; part of $4 m deal; designation uncertain,0.1,0.8,0.8
Liberia,Romania,1986,?,6,?,M-30 122mm,towed gun,6,?,1987,Second hand,Second-hand; part of $4 m deal; designation uncertain,0.18,1.08,1.08
Liberia,Romania,1986,?,8,?,TAB-71,APC,8,?,1987,Second hand,Second-hand; part of $4 m deal; designation uncertain,0.1,0.8,0.8
Liberia,Switzerland,1985,?,10,,Piranha,APC,10,?,1986,New,,0.27,2.7,2.7
Liberia,UAE,1989,,1,,DHC-4 Caribou,transport aircraft,1,,1990,Second hand,Second-hand (modernized in Malta before delivery),1.5,1.5,1.5
Liberia,United States,1975,,2,,C-47 Skytrain,transport aircraft,2,,1976,Second hand,Second-hand,1,2,2
Liberia,United States,1963,?,2,,C-47 Skytrain,transport aircraft,2,,1964,Second hand,Second-hand,1,2,2
Liberia,United States,1975,?,2,,Cessna-172,trainer/light aircraft,2,,1976,Second hand,Second-hand,0.04,0.08,0.08
Liberia,United States,1975,,1,,Cessna-180 Skywagon,light aircraft,1,,1976,Second hand,Second-hand; Cessna-185 version,0.07,0.07,0.07
Liberia,United States,1975,?,1,,Cessna-207,light transport aircraft,1,,1976,New,,0.24,0.24,0.24
Liberia,United States,1985,?,2,,Cessna-208 Caravan,light transport aircraft,2,,1986,New,,1,2,2
Liberia,United States,1977,,3,?,Cessna-337/O-2,light aircraft,3,?,1978,New,,0.35,1.05,1.05
Liberia,United States,1972,?,8,?,M-101A1 105mm,towed gun,8,?,1972,Second hand,Second-hand,0.18,1.44,1.44
Liberia,United States,1958,?,15,?,M-3A1 Scout Car,APC/APV,15,?,1959,Second hand,Second-hand,0.04,0.66,0.66
Liberia,United States,1971,?,10,?,M-30 107mm,mortar,10,?,1971,Second hand,Probably second-hand,0.1,1,1
Liberia,United States,2021,?,,,Mamba Mk-7,APC,0,,,New,,0.25,0,0
Liberia,United States,1966,?,2,,PGM-71,patrol craft,2,,1967,New,'MAP' aid,9,18,18
Liberia,unknown supplier(s),2019,?,3,,Cougar,APV,3,?,2020,New,,0.14,0.42,0.42
Liberia,unknown supplier(s),2000,?,3,?,Mi-17,transport helicopter,3,?,2000,Second hand,Probably second-hand; flown by mercenaries,2.9,8.7,8.7
Liberia,unknown supplier(s),1999,?,2,?,Mi-2,light helicopter,2,?,1999,Second hand,Second-hand,0.44,0.88,0.88
Liberia,Zambia,1989,,1,,DHC-4 Caribou,transport aircraft,1,,1990,Second hand,Second-hand (modernized in Malta before delivery),1.5,1.5,1.5
Lithuania,Bulgaria,1999,?,20,,2B11 120mm,mortar,20,,1999,New,Designation uncertain,0.25,5,5
Lithuania,Bulgaria,2013,?,36,?,2B11 120mm,mortar,36,,2014,New,Possibly second-hand; designation uncertain (reported as '120mm mortar'),0.25,9,9
Lithuania,Czechia,1998,,2,,L-39Z Albatros,trainer/combat aircraft,2,,1998,New,$2 m deal; L-39ZA version,4,8,8
Lithuania,Czechia,1995,,18,,PM-43 120mm,mortar,18,,1995,Second hand,Second-hand; designation uncertain; aid,0.1,1.8,1.8
Lithuania,Denmark,2001,,54,,M-101A1 105mm,towed gun,54,,2002,Second hand,Second-hand; aid (18 more delivered for spare parts only),0.18,9.72,9.72
Lithuania,Denmark,2007,,3,,StanFex-300,patrol craft,3,,2008; 2009; 2010,Second hand,Second-hand; LTL30 m ($10 m) deal,8,24,24
Lithuania,Denmark,2015,,1,,StanFex-300,patrol craft,1,,2016,Second hand,Second-hand; EUR6.5 m. deal,8,8,8
Lithuania,France,2013,,3,,AS365/AS565 Panther,helicopter,3,,2015,New,LTL180 m ($72 m) deal (partly financed by EU); AS365N3+ version; mainly for SAR,3.25,9.75,9.75
Lithuania,France,2022,,18,,CAESAR 155mm,self-propelled gun,0,,,New,CAESAR Mk-2 version; delivery planned 2027,1.07,19.26,0
Lithuania,Germany,2016,,2,,Boxer,APC,2,?,2020,New,Driver training version,0.55,1.1,1.1
Lithuania,Germany,2022,?,120,,Boxer,IFV,0,,,New,Lithuanian designation Vilkas; selected 2022 but not yet ordered by end-2023,1.7,204,0
Lithuania,Germany,2016,,89,,Boxer,IFV,89,?,2019; 2020; 2021; 2022; 2023,New,$435 m deal; Lithuanian designation Vilkas,1.1,97.9,97.9
Lithuania,Germany,2015,,6,,BPz-2,ARV,6,?,2016; 2017,Second hand,Second-hand (but possibly modernized before delivery); part of EUR58 m ($65 m) deal,0.56,3.36,3.36
Lithuania,Germany,1993,,2,,L-410 Turbolet,light transport aircraft,2,,1993,Second hand,Second-hand (former GDR equipment); aid; L-410UVP version,1.04,2.08,2.08
Lithuania,Germany,2023,,54,?,Leopard-2A7,tank,0,,,New,Selected 2023 but not yet ordered by end-2023,5.2,280.8,0
Lithuania,Germany,1999,,2,,Lindau/Type-320,minesweeper,2,,1999; 2001,Second hand,Second-hand; aid; Lithuanian designation Sduvis,4.4,8.8,8.8
Lithuania,Germany,2005,?,32,,M-106,self-propelled mortar,32,?,2005; 2006,Second hand,Second-hand; aid; version with 120mm mortar,0.2,6.4,6.4
Lithuania,Germany,2022,,10,,M-106,self-propelled mortar,10,,2022,Second hand,Second-hand; version with 120mm mortar; aid after invasion of Ukraine by Russia,0.2,2,2
Lithuania,Germany,2000,,49,,M-113,APC,49,,2000,Second hand,Second-hand; M-113A1 version; aid; 18 more delivered for spares only,0.1,4.9,4.9
Lithuania,Germany,2002,?,158,?,M-113,APC,158,?,2002; 2004; 2005; 2006,Second hand,Second-hand; aid; M-113A1 version; 12 more delivered for spare parts only,0.1,15.8,15.8
Lithuania,Germany,2015,,22,,M-113,APC,22,,2019,Second hand,Second-hand; part of EUR58 m ($65 m) deal; M-577V2 command post version,0.1,2.2,2.2
Lithuania,Germany,2016,,168,,M-113,APC,168,?,2019,Second hand,Second-hand; EUR1.6 m deal; M-577V2 command post version,0.1,16.8,16.8
Lithuania,Germany,1998,,3,,Mi-8T,transport helicopter,3,,1998,Second hand,Second-hand (originally former GDR equipment); aid,2.4,7.2,7.2
Lithuania,Germany,2015,,18,,PzH-2000 155mm,self-propelled gun,18,?,2016; 2018; 2019; 2020; 2021; 2022,Second hand but modernized,Part of EUR58 m ($65 m) deal; second-hand but modernized before delivery; 3 more delivered for spare parts,2.97,53.46,53.46
Lithuania,Germany,2002,,3,,TRML-3D,air search radar,3,,2004,New,,10,30,30
Lithuania,Israel,2013,,32,?,CARDOM 120mm,mortar,32,?,2015; 2016,New,For modernisation of M-106 self-propelled mortars,0.25,8,8
Lithuania,Israel,2016,,86,,Samson RCWS-30,IFV turret,86,?,2019; 2020; 2021; 2023,New,Samson Mk-2 version for 86 Boxer IFV from FRG,0.6,51.6,51.6
Lithuania,Israel,2016,?,500,?,Spike-MR/LR,anti-tank missile,500,?,2020; 2021,New,Spike-LR version; for Boxer IFV; from German production line,0.03,15,15
Lithuania,Italy,2006,,3,,C-27J Spartan,transport aircraft,3,,2006; 2008; 2009,New,EUR75 m ($94 m) deal,16,48,48
Lithuania,Netherlands,2023,?,,,Ground Master-200 MM/C,artillery locating radar,0,,,New,EUR127 m deal (incl support); delivery planned from 2026,10,0,0
Lithuania,Norway,2004,,5,?,Giraffe-40,air search radar,5,?,2004; 2005,Second hand,Second-hand; part of LTL135 m ($50 m) aid,1.3,6.5,6.5
Lithuania,Norway,2011,,12,,Land Cruiser,APV,12,?,2011; 2012,New,EUR4.4 m deal; for use in Afghanistan,0.12,1.44,1.44
Lithuania,Norway,2016,?,2,,NASAMS-2,SAM system,2,,2020; 2021,New,EUR100 m deal; NASAMS-2 version,25,50,50
Lithuania,Norway,2023,,2,?,NASAMS-2,SAM system,0,,,New,EUR200 m deal,25,50,0
Lithuania,Norway,2004,,260,?,RBS-70,portable SAM,260,?,2004,Second hand,Second-hand; part of LTL135 m ($50 m) aid; deal incl also 21 launchers,0.03,8.32,8.32
Lithuania,Norway,1994,,1,,Storm,patrol craft,1,,1995,Second hand,Second-hand FAC but; armament removed before delivery; aid; Lithuanian designation Dzukas,3,3,3
Lithuania,Norway,2000,?,2,,Storm,patrol craft,2,,2001,Second hand but modernized,Second-hand FAC but armament removed before delivery; modernized before delivery; aid (1 more delivered for spares only); Lithuanian designation Dzukas,4.95,9.9,9.9
Lithuania,Norway,2005,?,1,,Vidar,minelayer,1,,2006,Second hand,Second-hand,12,12,12
Lithuania,Poland,1994,?,11,,BRDM-2,reconnaissance AV,11,,1995,Second hand,Second-hand; aid,0.06,0.66,0.66
Lithuania,Poland,2014,,80,?,Grom-2,portable SAM,80,?,2014; 2015; 2016; 2017; 2018,New,EUR34 m deal,0.08,6.4,6.4
Lithuania,Poland,1996,,5,,Mi-2,light helicopter,5,,1996,Second hand,Second-hand; aid,0.44,2.2,2.2
Lithuania,Poland,2000,?,10,,MT-LB,APC,10,,2000,Second hand,Second-hand; aid,0.1,1,1
Lithuania,Poland,1996,,2,,P-10,air search radar,2,,1996,Second hand,Second-hand,1.6,3.2,3.2
Lithuania,Poland,1996,,3,,P-35 Saturn,air search radar,3,,1996,Second hand,Designation uncertain; Second-hand,2,6,6
Lithuania,Poland,1996,,2,,PRV-11,height-finding radar,2,,1996,Second hand,Designation uncertain; Second-hand,1.6,3.2,3.2
Lithuania,Russia,1992,?,60,?,9M33,SAM,60,?,1992,Second hand,Second-hand; Osa-M (SA-N-4) version for 2 Grisha-3 (Zemaitis) corvettes; status uncertain,0.04,2.4,2.4
Lithuania,Russia,1992,?,15,,BTR-60PB,APC,15,,1992,Second hand,Second-hand; incl some without armament,0.1,1.5,1.5
Lithuania,Russia,1993,,4,,L-39C Albatros,trainer aircraft,4,,1993,Second hand,Second-hand; $80000 deal,1.8,7.2,7.2
Lithuania,Russia,1992,,2,,Project-1124 Albatros,corvette,2,,1992,Second hand,Second-hand; Project-1124M (Grisha-3) version; Lithuanian designation Zemaitis,30,60,60
Lithuania,Russia,1992,,1,,Uryvayez,survey ship,1,,1992,Second hand,Second-hand; for use as support and command ship; Lithuanian designation Vetka,6,6,6
Lithuania,Spain,2022,,24,?,120-MX2-SM 120mm,mortar,12,?,2023,New,EUR9.8 m deal; delivery planned 2023-2024,0.25,6,3
Lithuania,Sweden,1997,,8,,RBS-56 Bill,anti-tank missile,8,?,1998,New,Second-hand; loan; deal incl also 2 launchers; for use with BaltBat joint Baltic peacekeeing unit,0.02,0.16,0.16
Lithuania,Sweden,2000,?,1,?,Giraffe-40,air search radar,1,?,2001,Second hand,Second-hand; aid,1.3,1.3,1.3
Lithuania,Sweden,2002,?,6,,M/41D 120mm,mortar,6,,2002,Second hand,Second-hand,0.1,0.6,0.6
Lithuania,Sweden,1993,,13,,M/42 SKPF,APC,13,,1993,Second hand,Second-hand; aid,0.04,0.57,0.57
Lithuania,Sweden,2015,,50,?,RBS-70 Mk-3 Bolide,portable SAM,50,?,2016,New,SEK 106 m ($14 m) deal,0.1,5,5
Lithuania,Sweden,2018,,21,?,RBS-70 Mk-3 Bolide,portable SAM,21,,2020,New,Part of SEK100 m deal (incl parts of RBS-70 SAM system),0.1,2.1,2.1
Lithuania,Sweden,2022,,150,?,RBS-70 Mk-3 Bolide,portable SAM,75,?,2023,New,SEK350 m deal; delivery planned 2023-2024,0.1,15,7.5
Lithuania,United Kingdom,2008,,2,,Hunt,MCM ship,2,,2013,Second hand but modernized,Second-hand but modernized before delivery; probably EUR55 m deal,36.3,72.6,72.6
Lithuania,United Kingdom,2020,,1,,Hunt,MCM ship,0,,,Second hand but modernized,Second-hand but modernized before delivery; GBP57 m ($68 m) deal (GBP1.8 m for ship and GBP55 m for modernization),36.3,36.3,0
Lithuania,United States,2016,?,150,?,AIM-120C AMRAAM,BVRAAM,150,?,2020; 2021; 2022,New,For NASAMS SAM systems,0.6,90,90
Lithuania,United States,2023,?,36,?,AIM-120C AMRAAM,BVRAAM,0,,,New,For NASAMS SAM systems,0.6,21.6,0
Lithuania,United States,2006,,6,,aircraft engine,aircraft engine,6,,2006; 2008; 2009,New,Allison AE-2100D3 (5000hp) turboprop for 3 C-27J transport aircraft from Italy,1.5,9,9
Lithuania,United States,2022,,18,?,ATACMS Block-1A,SSM,0,,,New,For HIMARS MRL,2,36,0
Lithuania,United States,2022,,864,?,GMLRS,guided rocket,0,,,New,Incl 432 Extended GMLRS; for HIMARS MRL,0.08,69.12,0
Lithuania,United States,2022,,8,,M-142 HIMARS,self-propelled MRL,0,,,New,Delivery planned 2025,1.1,8.8,0
Lithuania,United States,2004,?,40,,HMMWV-UA,APV,40,?,2004; 2005,New,M-1114 version,0.13,5.2,5.2
Lithuania,United States,2001,,74,,FGM-148 Javelin,anti-tank missile,74,?,2002; 2003,New,LTL39 ($9-10 m) deal (incl 18 launchers),0.03,2.22,2.22
Lithuania,United States,2016,,500,?,FGM-148 Javelin,anti-tank missile,500,?,2015; 2017; 2019; 2020; 2021; 2022; 2023,New,,0.03,15,15
Lithuania,United States,2022,,230,?,FGM-148 Javelin,anti-tank missile,0,,,New,,0.03,6.9,0
Lithuania,United States,2019,,200,,L-ATV,APV,200,,2021; 2022; 2023,New,EUR145 m deal (incl 5 years support); JLTV version,0.18,36,36
Lithuania,United States,2022,,300,,L-ATV,APV,0,,,New,Delivery planned from 2024,0.18,54,0
Lithuania,United States,2002,,2,,MPQ-64 Sentinel,air search radar,2,?,2006,New,Part of $31 m deal; for use with Stinger MANPADS,5,10,10
Lithuania,United States,2016,?,2,,MPQ-64 Sentinel,air search radar,2,?,2020; 2021,New,For 2 NASAMS SAM systems from Norway,5,10,10
Lithuania,United States,2023,,2,?,MPQ-64 Sentinel,air search radar,0,,,New,For 2 NASAMS SAM systems from Norway,5,10,0
Lithuania,United States,2020,,4,,S-70 Black Hawk,transport helicopter,0,,,New,EUR181 m ($213 m) deal; UH-60M version; delivery planned from 2024; option on 2 more,7.25,29,0
Lithuania,United States,2012,?,5,?,ScanEagle,UAV,5,?,2012,New,,0.04,0.2,0.2
Lithuania,United States,2002,,54,,Stinger,portable SAM,54,,2007,New,$31 m deal (incl 8 launchers),0.08,4.32,4.32
Lithuania,United States,2022,,,,Switchblade-600,loitering munition,0,,,New,Delivery planned 2024,0.15,0,0
Lithuania,United States,2023,,3,,TPS-77,air search radar,0,,,New,,11,33,0
Luxembourg,France,2022,,90,,Akeron-MP,anti-tank missile,0,,,New,EUR32 m deal,0.03,2.7,0
Luxembourg,Germany,2008,,48,,Dingo-2,APC,48,?,2009; 2010,New,,0.35,16.8,16.8
Luxembourg,Germany,2018,,2,,EC145,light helicopter,2,,2019; 2020,New,EUR20 m deal; H145M version; incl for police,3.25,6.5,6.5
Luxembourg,Germany,2003,,4,,TP400-D6,turboprop,4,,2020,New,For 1 A400M transport aircraft from Spain,3,12,12
Luxembourg,Norway,2008,,48,?,Protector,APC turret,48,?,2009; 2010,New,For 48 Dingo-2 APC from FRG,0.05,2.4,2.4
Luxembourg,Spain,2003,,1,,A400M Atlas,transport aircraft,1,,2020,New,Bought in cooperation with Belgium (in addition to 7 bought by Belgium),73,73,73
Luxembourg,Sweden,2010,,100,?,NLAW,anti-tank missile,100,?,2012,New,From UK production line,0.01,1,1
Luxembourg,Sweden,2015,?,100,?,NLAW,anti-tank missile,100,?,2016; 2017,New,,0.01,1,1
Luxembourg,Switzerland,2022,,80,,Eagle,APV,0,,,New,Deal worth ?367 m;  Eagle-5 version; delivery planned 2024-2026,0.14,11.2,0
Luxembourg,Switzerland,2021,,4,,Eagle-5 6x6,APC,4,?,2023,New,Ambulance version,0.3,1.2,1.2
Luxembourg,United States,1982,?,5,,Commando Ranger,APV,5,?,1982,New,,0.12,0.6,0.6
Luxembourg,United States,1998,?,9,?,HMMWV-UA,APV,9,,1999,New,M-1114 version,0.13,1.17,1.17
Luxembourg,United States,1996,,24,,HMMWV-UA,APV,24,,1996,New,$4.2 m deal; M-1114 version; for Luxembourg peacekeeping forces in Bosnia,0.13,3.12,3.12
Luxembourg,United States,2019,?,4,,RQ-21 Blackjack,UAV,4,?,2022,New,X-300 Integrator version,0.07,0.28,0.28
Luxembourg,United States,1951,?,3,,PA-18 Super Cup,light aircraft,3,?,1952; 1953,Second hand,Second-hand; L-18C version,0.02,0.07,0.07
Luxembourg,United States,1973,?,72,?,BGM-71 TOW,anti-tank missile,72,?,1974,New,,0.01,0.72,0.72
Luxembourg,United States,2002,,50,?,BGM-71F TOW-2B,anti-tank missile,50,?,2003,New,TOW-2A and/or TOW-2B version,0.02,1,1
Libya,Austria,2009,,4,,Camcopter S-100,UAV,4,,2011,New,,0.2,0.8,0.8
Libya,Austria,1987,?,30,,GC-45 155mm,towed gun,30,,1987,New,Originally ordered by Brazil; but finally delivered to Libya,1,30,30
Libya,Brazil,1981,?,180,?,EE-11 Urutu,APC,180,?,1981; 1982,New,,0.24,44.1,44.1
Libya,Brazil,1973,,500,?,EE-9 Cascavel,armoured car,500,?,1975; 1976; 1977; 1978,New,,0.72,360,360
Libya,China,1980,?,250,?,Type-63 107mm,towed MRL,250,?,1980; 1981; 1982; 1983; 1984,New,,0.05,12.5,12.5
Libya,Czechoslovakia,1981,?,80,?,DANA 152mm,self-propelled gun,80,?,1983; 1984,New,,1,80,80
Libya,Czechoslovakia,1978,,181,,L-39Z Albatros,trainer/combat aircraft,181,,1978; 1979; 1981; 1982; 1983,New,L-39ZO version,4,724,724
Libya,Czechoslovakia,1983,?,9,,L-410 Turbolet,light transport aircraft,9,,1984,New,L-410UVP version,2.6,23.4,23.4
Libya,Czechoslovakia,1985,,6,,L-410 Turbolet,light transport aircraft,6,?,1985; 1986,New,L-410UVP-T version,2.6,15.6,15.6
Libya,Czechoslovakia,1975,?,36,?,M-51 130mm,self-propelled MRL,36,?,1976; 1977,New,,0.4,14.4,14.4
Libya,Czechoslovakia,1970,?,110,?,M-53/59 Praga 30mm,self-propelled AA gun,110,?,1970; 1971; 1972; 1973,New,,0.65,71.5,71.5
Libya,Czechoslovakia,1971,?,50,?,OT-62A TOPAS,APC,50,?,1971,New,,0.27,13.5,13.5
Libya,Czechoslovakia,1973,?,50,?,OT-64A,APC,50,?,1974,New,,0.3,15,15
Libya,Czechoslovakia,1979,?,36,?,RM-70 122mm,self-propelled MRL,36,?,1981; 1982,New,,0.9,32.4,32.4
Libya,Egypt,1959,,2,,Bu-181 Bestmann,trainer aircraft,2,,1959,New,Aid; Gomhouria version,0.14,0.28,0.28
Libya,Egypt,1969,?,65,?,T-34-85,tank,65,?,1970,Second hand,Second-hand,0.38,24.7,24.7
Libya,France,1980,?,20,?,AM-39 Exocet,anti-ship missile,20,?,1981,New,For SA-321GM helicopters,0.75,15,15
Libya,France,1970,?,20,?,AML,armoured car,20,?,1971,New,AML-90 version,0.7,14,14
Libya,France,1970,?,150,?,Atar-9,turbojet,150,?,1971; 1972; 1973; 1974,New,Spares for Mirage-5 combat aircraft,1.5,225,225
Libya,France,1970,?,12,,CM-170 Magister,trainer aircraft,12,?,1971,New,Probably Second-hand aircraft sold back to French producer; rebuilt to CM-170-2 version and sold to Libya,1,12,12
Libya,France,1977,,10,,Combattante-2G,FAC,10,,1982; 1983; 1984,New,Libyan designation Beir,50.8,508,508
Libya,France,1972,,216,?,R-440 Crotale,SAM,216,?,1973; 1974; 1975,New,,0.11,23.76,23.76
Libya,France,1972,,12,?,Crotale,mobile SAM system,12,?,1973; 1974; 1975,New,No. could be 12,15,180,180
Libya,France,1970,?,3,?,Falcon-20,light transport aircraft,3,?,1971,New,Incl 2 with radar as  for training,7.3,21.9,21.9
Libya,France,2007,?,1000,?,MILAN,anti-tank missile,1000,?,2008; 2009; 2010; 2011,New,EUR170 m deal (incl 100 launchers and 500 training missiles); MILAN-3 version,0.01,10,10
Libya,France,1975,?,16,,Mirage F-1A,FGA aircraft,16,?,1978; 1979,New,Mirage F-1AD version,14,224,224
Libya,France,1975,?,22,,Mirage F-1E,FGA aircraft,22,?,1979; 1980; 1981,New,Mirage F-1ED version; incl 6 Mirage F-1BD,20,440,440
Libya,France,1970,,78,,Mirage-5,FGA aircraft,78,?,1971; 1972; 1973,New,Mirage-5D version; incl 10 Mirage-5DR reconnaissance version and 15 Mirage-5DD,11.25,877.5,877.5
Libya,France,1970,,32,,Mirage-5,FGA aircraft,32,?,1973; 1974,New,Mirage-5DE version,14,448,448
Libya,France,1975,?,2,,PS-700,landing ship,2,,1977; 1978,New,Libyan designation Ibn Ouf,22.5,45,45
Libya,France,1975,?,60,?,R-530,SRAAM,60,?,1978; 1979,New,For Mirage F-1E combat aircraft,0.1,6,6
Libya,France,1975,,152,?,R-550 Magic-1,SRAAM,152,?,1978; 1979,New,For Mirage F-1A/E combat aircraft,0.09,13.68,13.68
Libya,France,1970,?,660,?,R-550 Magic-1,SRAAM,660,?,1971; 1972; 1973; 1974,New,For Mirage-5D combat aircraft,0.09,59.4,59.4
Libya,France,1977,?,4,,Rallye Club,light aircraft,4,,1977,New,,0.1,0.4,0.4
Libya,France,1978,?,40,?,DRPT-5 Rasit,ground surv radar,40,?,1980; 1981,New,,0.1,4,4
Libya,France,1961,?,3,,SA-313B Alouette-2,light helicopter,3,,1962,New,,0.7,2.1,2.1
Libya,France,1970,?,17,,SA-316B Alouette-3,light helicopter,17,?,1971; 1972,New,,0.9,15.3,15.3
Libya,France,1970,?,8,?,SA-321 Super Frelon,transport helicopter,8,?,1972,New,SA-321M SAR version,8.85,70.8,70.8
Libya,France,1979,?,6,,SA-321H Super Frelon,transport helicopter,6,?,1980; 1981,New,,11,66,66
Libya,France,1974,,100,?,SS-11,anti-tank missile,100,?,1975,New,,0.01,1,1
Libya,France,1967,?,48,?,SS-12M,anti-ship missile,48,?,1969,New,For Susa Class FAC,0.02,0.96,0.96
Libya,Germany,1981,,48,,DR-151,air search radar,48,?,1983; 1984; 1985,New,,3.25,156,156
Libya,Germany,1977,,40,,ship engine,ship engine,40,,1982; 1983; 1984,New,MTU 20V-538 TB-91 (3900hp) diesel engine for 10 Combattante-2G FAC from France,1.2,48,48
Libya,Germany,1973,,500,?,vehicle engine,vehicle engine,500,?,1975; 1976; 1977; 1978,New,OM-352A (170-190hp) diesel engine; for 500 EE-9 armoured cars from Brazil,0.01,5,5
Libya,Italy,1980,,2,,A-109,light helicopter,2,?,1981,New,For use with Mirach-100 target drones,1.2,2.4,2.4
Libya,Italy,2005,?,10,,A-109K,light helicopter,10,?,2006; 2007; 2009; 2010,New,EUR80 m deal; for border patrol,2.75,27.5,27.5
Libya,Italy,1985,?,12,?,A244,ASW torpedo,12,?,1986,New,,0.25,3,3
Libya,Italy,1978,?,1,,Albatros,naval SAM system,1,,1983,New,Albatross Mk-2 SAM for modernization of 1 Dat Assawari frigate,5,5,5
Libya,Italy,1978,?,10,?,Aspide,BVRAAM/SAM,10,?,1983,New,For use with Albatross Mk-2 SAM system on modernized Dat Assawari frigate,0.18,1.8,1.8
Libya,Italy,2009,?,1,,AW139,helicopter,1,,2011,New,,6,6,6
Libya,Italy,1973,?,5,,Bell-206/OH-58,light helicopter,5,?,1974,New,AB-206A (Bell-206A) version,0.7,3.5,3.5
Libya,Italy,1978,,1,,Bell-212/UH-1N,helicopter,1,,1980,New,For VIP transport; AB-212 version,3.7,3.7,3.7
Libya,Italy,1974,?,1,,Bell-212/UH-1N,helicopter,1,,1974,New,For VIP transport; AB-212 version,3.7,3.7,3.7
Libya,Italy,1970,?,6,?,Bell-47/OH-13,light helicopter,6,?,1971,New,AB-47G version,0.24,1.44,1.44
Libya,Italy,2009,,6,,Bigliani,patrol craft,6,,2009; 2010,Second hand,Second-hand; aid; for coast guard,2.76,16.56,16.56
Libya,Italy,1975,?,8,,CH-47C Chinook,transport helicopter,8,?,1976,New,,15,120,120
Libya,Italy,1978,?,12,,CH-47C Chinook,transport helicopter,12,,1980,New,,15,180,180
Libya,Italy,1975,?,10,,Compact 76mm,naval gun,10,,1982; 1983; 1984,New,For 10 Combattante-2G (Beir) FAC from France,2.5,25,25
Libya,Italy,1975,?,16,,Compact 40L70,naval gun,16,,1977; 1978; 1982; 1983; 1984,New,For 10 Combattante-2G (Beir) FAC and 2 PS-700 (Ibn Ouf) landing ships from France,2.5,40,40
Libya,Italy,1978,?,20,?,G-222,transport aircraft,20,?,1981; 1982; 1983,New,G-222T (G-222L) version (developed for Libya with UK engines after US refusal to allow supply of G-222 with US engines),12.8,256,256
Libya,Italy,1981,?,5,,LPD-20,air search radar,5,,1983,New,Designation uncertain,4.5,22.5,22.5
Libya,Italy,1970,?,3,?,O-1/L-19 Bird Dog,light aircraft,3,?,1971,Second hand,Second-hand,0.04,0.11,0.11
Libya,Italy,1974,?,30,?,Otomat-1,anti-ship missile,30,?,1979; 1980; 1981,New,For 4 Wadi corvettes,0.9,27,27
Libya,Italy,1977,?,80,?,Otomat-2,anti-ship missile,80,?,1982; 1983; 1984,New,For Combattante-2G Type (Beir) FAC,1.1,88,88
Libya,Italy,1982,?,10,?,Otomat-2,anti-ship missile,10,?,1984,New,For modernized Dat Assawari frigate,1.1,11,11
Libya,Italy,1981,,210,,Palmaria 155mm,self-propelled gun,210,?,1982; 1983; 1984; 1985,New,,1.2,252,252
Libya,Italy,2012,?,20,,Puma,APV,20,,2013,Second hand,Probably second-hand; aid; 6X6 version,0.06,1.2,1.2
Libya,Italy,1976,,1,,S-61/H-3A Sea King,transport helicopter,1,?,1977,New,For VIP transport; AS-61 version; status uncertain,6,6,6
Libya,Italy,1977,,110,?,SF-260,trainer aircraft,110,?,1978; 1979,New,SF-260W armed version,0.24,26.4,26.4
Libya,Italy,1981,,60,?,SF-260,trainer aircraft,60,?,1982; 1983,New,Assembled in Libya; no. delivered could be up to 130; SF-260W armed version,0.24,14.4,14.4
Libya,Italy,1979,?,90,?,Type-6614,APC,90,?,1980; 1981,New,No. could be up to 200,0.18,16.2,16.2
Libya,Italy,1979,,60,?,Type-6616,armoured car,60,?,1981,New,No. could be up to 100,0.42,25.2,25.2
Libya,Italy,1974,,4,,Wadi,corvette,4,,1979; 1980; 1981,New,,70.2,280.8,280.8
Libya,Jordan,2009,,49,?,Nimr Armored,APV,49,?,2013,New,,0.18,8.82,8.82
Libya,North Korea,1979,?,10,?,BM-21 Grad 122mm,self-propelled MRL,10,?,1980,New,BM-11 version,0.6,6,6
Libya,North Korea,1995,,5,?,Hwasong-6,SSM,5,?,1999,New,Probably assembled in Libya; never tested or deployed; planned production in Libya cancelled 2003,1.25,6.25,6.25
Libya,Portugal,1978,?,16,?,Chaimite,APC,16,?,1978,New,,0.18,2.88,2.88
Libya,Russia,2004,,482,?,Igla-S,portable SAM,482,?,2006; 2007; 2008,New,For vehicle-mounted launchers,0.08,38.56,38.56
Libya,Russia,2004,?,40,?,KAB-500/1500,guided bomb,40,?,2005,New,KAB-1500 version,0.02,0.8,0.8
Libya,Russia,2010,?,4,?,Khrizantema,tank destroyer,4,,2010,New,,1.1,4.4,4.4
Libya,Russia,2010,?,150,?,Khrizantema,anti-tank missile,150,?,2010,New,For Khrizantema-S tank destroyers,0.07,10.5,10.5
Libya,Russia,2012,?,10,?,Khrizantema,tank destroyer,10,?,2013,New,,1.1,11,11
Libya,Russia,2012,,350,?,Khrizantema,anti-tank missile,350,?,2013,New,For Khrizantema-S tank destroyers,0.07,24.5,24.5
Libya,Sudan,2013,,3,,Mi-24P/Mi-35P,combat helicopter,3,,2013,Second hand,Second-hand; lease,3.6,10.8,10.8
Libya,Turkiye,1979,?,3,,C-122,landing craft,3,?,1980; 1981,New,Libyan designation Al Idrisi,11.4,34.2,34.2
Libya,UAE,2012,?,750,?,Spartan,APC/APV,750,?,2012; 2013,New,Financed by UAE or USA,0.16,120,120
Libya,UAE,2012,?,50,?,Typhoon,APC,50,?,2012,New,Financed by UAE or USA,0.2,10,10
Libya,United Kingdom,1978,?,40,?,aircraft engine,aircraft engine,40,?,1981; 1982; 1983,New,Rolls-Royce Tyne turboprop for 20 G-222T (G-222L) transport aircraft from Italy; ordered after US refused delivery of G-222 with US engines,1.5,60,60
Libya,United Kingdom,1979,,5,,AR-1,air search radar,5,?,1980; 1981,New,AR-15 version,4.76,23.8,23.8
Libya,United Kingdom,1958,?,2,,Auster AOP,light aircraft,2,,1959,Second hand,Second-hand; aid,0.03,0.06,0.06
Libya,United Kingdom,1966,,3,,Brave,FAC,3,,1969,New,Libyan designation Susa,15,45,45
Libya,United Kingdom,1955,?,6,?,Centurion-3,tank,6,?,1957,Second hand,Probably Second-hand,0.54,3.24,3.24
Libya,United Kingdom,1968,,1,,Dat Assawari,frigate,1,,1973,New,,125,125,125
Libya,United Kingdom,1964,?,15,?,Ferret,APV,15,?,1966,New,,0.12,1.8,1.8
Libya,United Kingdom,1967,?,4,,Garian,patrol craft,4,,1969; 1970,New,,5.3,21.2,21.2
Libya,United Kingdom,1960,?,40,?,Saladin,armoured car,40,?,1960; 1961,New,,0.7,28,28
Libya,United Kingdom,1959,?,15,?,Saracen,APC,15,?,1961,New,,0.2,3,3
Libya,United Kingdom,1972,?,20,?,Seacat,SAM,20,?,1973,New,For Dat Assawari frigate,0.04,0.8,0.8
Libya,United Kingdom,1968,?,15,?,Shorland,APV,15,?,1968,New,,0.1,1.5,1.5
Libya,United Kingdom,1964,,1,,Tobruk,patrol craft,1,,1966,New,,17,17,17
Libya,United Kingdom,1967,?,700,,VIGILANT,anti-tank missile,700,?,1968; 1969,New,,0.01,7,7
Libya,United Kingdom,1975,,60,?,Viper,turbojet,60,?,1976; 1977; 1978; 1979; 1980; 1981,New,For 60 G-2AE trainer aircraft from Yugoslavia; Viper-226 version,0.4,24,24
Libya,United Kingdom,1982,?,92,?,Viper,turbojet,92,?,1983; 1984; 1985,New,For 92 G-2AE trainer and J-1E combat aircraft from Yugoslavia,0.4,36.8,36.8
Libya,United Kingdom,1966,,2,,Vosper Type-A/B,patrol craft,2,,1967,New,,5.9,11.8,11.8
Libya,United Kingdom,1967,,4,,Vosper Type-A/B,patrol craft,4,,1968; 1969,New,,5.9,23.6,23.6
Libya,United Kingdom,1967,,1,,Zeltin,support ship,1,,1969,New,,40,40,40
Libya,United States,1957,?,2,,Bell-47/OH-13,light helicopter,2,,1959,New,,0.24,0.48,0.48
Libya,United States,1964,?,5,,Bell-47/OH-13,light helicopter,5,,1964,New,,0.24,1.2,1.2
Libya,United States,1968,?,8,,C-130H Hercules,transport aircraft,8,,1970,New,,28,224,224
Libya,United States,1963,?,5,,C-47 Skytrain,transport aircraft,5,,1965,Second hand,Second-hand,1,5,5
Libya,United States,1963,,1,,C-47 Skytrain,transport aircraft,1,,1963,Second hand,Second-hand,1,1,1
Libya,United States,1978,,1,,Cessna-411,light transport aircraft,1,,1978,Second hand,Second-hand; Cessna-421 version,0.38,0.38,0.38
Libya,United States,1968,?,10,?,F-5A Freedom Fighter,FGA aircraft,10,?,1968; 1969,New,Incl 2 F-5B version,8,80,80
Libya,United States,1974,?,1,,King Air,light transport aircraft,1,,1975,New,King Air-200 version,2.85,2.85,2.85
Libya,United States,1964,?,75,?,M-101A1 105mm,towed gun,75,?,1964,Second hand,Second-hand,0.18,13.5,13.5
Libya,United States,1965,?,15,?,M-113,APC,15,?,1966,New,,0.25,3.75,3.75
Libya,United States,1965,?,20,?,M-114 155mm,towed gun,20,?,1965,Second hand,Second-hand,0.2,4,4
Libya,United States,1965,?,3,,T-33A Shooting Star,trainer aircraft,3,?,1966,Second hand,Second-hand,1,3,3
Libya,United States,1963,,2,,T-33A Shooting Star,trainer aircraft,2,,1963,Second hand,Second-hand; aid,1,2,2
Libya,United States,2012,?,50,,vehicle engine,vehicle engine,50,?,2012,New,Cummins-8.81 (400hp) diesel engine; for 50 Typhoon APC from UAE,0.05,2.5,2.5
Libya,Soviet Union,1979,?,30,?,2S1 122mm,self-propelled gun,30,?,1980; 1981; 1982,New,,0.9,27,27
Libya,Soviet Union,1981,?,100,?,2S1 122mm,self-propelled gun,100,?,1981,New,,0.9,90,90
Libya,Soviet Union,1979,?,48,?,2S3 152mm,self-propelled gun,48,?,1980; 1981; 1982,New,,1,48,48
Libya,Soviet Union,1982,?,100,?,2S3 152mm,self-propelled gun,100,?,1982,New,,1,100,100
Libya,Soviet Union,1981,?,20,?,2S3 152mm,self-propelled gun,20,?,1981,New,,1,20,20
Libya,Soviet Union,1974,,2100,?,3M9,SAM,2100,?,1974; 1975; 1976,New,,0.12,252,252
Libya,Soviet Union,1988,?,0,,5N62V,fire control radar,2,?,1988; 1989,New,Part of SA-5 air defence system; replacing 2 destroyed by US attack,3.5,0,7
Libya,Soviet Union,1984,?,3,?,5N69 Salute,air search radar,3,?,1984; 1985,New,For use with 6 SA-5c SAM systems,7,21,21
Libya,Soviet Union,1979,?,60,?,9K31,mobile SAM system,60,?,1979; 1980,New,,1,60,60
Libya,Soviet Union,1980,?,120,?,9M33,SAM,120,?,1981; 1983; 1984; 1985,New,Osa-M (SA-N-4) version; for Nanuchka-2 (Ean Mara) corvettes,0.1,12,12
Libya,Soviet Union,1980,?,600,?,9M33,SAM,600,?,1981; 1982; 1983,New,,0.1,60,60
Libya,Soviet Union,1984,?,60,?,9M33,SAM,60,?,1986; 1987,New,Osa-M (SA-N-4) version; for Koni (Al Hani) frigates,0.1,6,6
Libya,Soviet Union,1984,?,1500,?,9M37,SAM,1500,?,1984; 1985,New,,0.06,90,90
Libya,Soviet Union,1975,?,20,?,9P113,SSM launcher,20,?,1976; 1977,New,,0.5,10,10
Libya,Soviet Union,1980,?,45,?,9P117 Uragan,SSM launcher,45,?,1981; 1982,New,,1,45,45
Libya,Soviet Union,1975,?,27,?,9P117 Uragan,SSM launcher,27,?,1976,New,,1,27,27
Libya,Soviet Union,1978,,181,,AI-25,turbofan,181,,1978; 1979; 1980; 1981; 1982,New,For 181 L-39ZA trainer/combat aircraft from Czechoslovakia; Titan (AI-25TL) version produced in Czechoslovakia,0.6,108.6,108.6
Libya,Soviet Union,1982,?,12,?,An-26,transport aircraft,12,?,1983; 1984; 1985,New,No. could be 13,8.5,102,102
Libya,Soviet Union,1975,?,250,?,BM-21 Grad 122mm,self-propelled MRL,250,?,1976; 1977; 1978; 1979; 1980,New,,0.6,150,150
Libya,Soviet Union,1979,?,800,?,BMP-1,IFV,800,?,1979; 1980; 1981; 1982,New,,0.9,720,720
Libya,Soviet Union,1977,?,60,?,BRDM-1,reconnaissance AV,60,?,1978,Second hand,Second-hand,0.05,2.88,2.88
Libya,Soviet Union,1980,?,250,?,BRDM-2,reconnaissance AV,250,?,1981; 1982,New,,0.15,37.5,37.5
Libya,Soviet Union,1980,?,10,?,BRDM-2,tank destroyer,10,?,1980,New,9P133 version (with AT-3 missiles),0.8,8,8
Libya,Soviet Union,1977,?,60,?,BTR-50,APC,60,?,1978,Second hand,Probably Second-hand,0.1,6,6
Libya,Soviet Union,1970,?,36,?,BTR-50,APC,36,?,1970,New,,0.25,9,9
Libya,Soviet Union,1974,?,500,?,BTR-60PB,APC,500,?,1975; 1976,New,,0.25,125,125
Libya,Soviet Union,1980,?,100,?,D-20 152mm,towed gun,100,?,1981,Second hand,Probably Second-hand,0.2,20,20
Libya,Soviet Union,1979,?,30,?,D-30 122mm,towed gun,30,?,1980; 1981; 1982,New,,0.35,10.5,10.5
Libya,Soviet Union,1980,?,90,?,D-30 122mm,towed gun,90,?,1980; 1981; 1982,New,,0.35,31.5,31.5
Libya,Soviet Union,1980,?,60,?,D-74 122mm,towed gun,60,?,1980; 1981,New,Possibly Second-hand,0.4,24,24
Libya,Soviet Union,1984,?,100,?,Fleyta/Skorpion ,anti-tank missile,100,?,1984,New,For BRDM-2 Sagger tank-destroyer,0.02,2,2
Libya,Soviet Union,1978,?,4,?,Il-76M,heavy transport aircraft,4,?,1979,New,,85,340,340
Libya,Soviet Union,1985,?,1,?,Il-78M,tanker/transport aircraft,1,?,1986,New,,85,85,85
Libya,Soviet Union,1974,?,2274,?,K-13M,SRAAM,2274,?,1975; 1976; 1977; 1978; 1979; 1980; 1981; 1982,New,For MiG-21FL/bis; MiG-23BN/MF and Su-22 combat aircraft,0.07,159.18,159.18
Libya,Soviet Union,1989,?,40,?,Kh-25M,anti-radar missile/ASM,40,?,1990,New,,0.18,7.2,7.2
Libya,Soviet Union,1989,,40,?,Kh-29,ASM,40,?,1989; 1990,New,Kh-29T and Kh-29L version for Su-24 combat aircraft,0.2,8,8
Libya,Soviet Union,1972,?,150,?,KS-19 100mm,AA gun,150,?,1972; 1973; 1974,Second hand,Second-hand,0.24,36,36
Libya,Soviet Union,1974,,35,?,Kvadrat,SAM system,35,?,1974; 1975; 1976,New,,17.5,612.5,612.5
Libya,Soviet Union,1972,?,330,?,M-46 130mm,towed gun,330,?,1972; 1973; 1974,Second hand,Probably Second-hand; no. could be up to 360,0.26,85.8,85.8
Libya,Soviet Union,1974,,10000,?,Malyutka,anti-tank missile,10000,?,1975; 1976; 1977; 1978; 1979; 1980; 1981; 1982,New,Incl for BMP-1 IFV; BRDM-2 tank-destroyers and Mi-24 helicopters,0.01,100,100
Libya,Soviet Union,1982,?,12,?,Mi-14PL,ASW helicopter,12,?,1982; 1983,New,,12,144,144
Libya,Soviet Union,1980,?,61,?,Mi-2,light helicopter,61,?,1981; 1982; 1983,New,From Polish production line,1.1,67.1,67.1
Libya,Soviet Union,1978,?,20,?,Mi-2,light helicopter,20,,1979,New,From Polish production line,1.1,22,22
Libya,Soviet Union,1978,?,10,?,Mi-24A,combat helicopter,10,?,1979,Second hand,Second-hand,2.65,26.48,26.48
Libya,Soviet Union,1978,?,18,?,Mi-24D/Mi-25,combat helicopter,18,?,1980,New,,8.25,148.5,148.5
Libya,Soviet Union,1979,?,12,?,Mi-24V/Mi-35,combat helicopter,12,?,1980,New,,8.5,102,102
Libya,Soviet Union,1975,,12,?,Mi-8T,transport helicopter,12,?,1976,New,No. delivered could be up to 50,6,72,72
Libya,Soviet Union,1977,?,50,?,MiG-21bis,fighter aircraft,50,?,1978; 1979,New,,12.5,625,625
Libya,Soviet Union,1974,?,40,?,MiG-21PF,fighter aircraft,40,?,1975,Second hand,Probably Second-hand; incl some MiG-21U trainer version,3.9,156,156
Libya,Soviet Union,1974,?,29,,MiG-23BN,FGA aircraft,29,,1975,New,Incl 5 MiG-23UB version,11.5,333.5,333.5
Libya,Soviet Union,1976,?,40,?,MiG-23MS,fighter aircraft,40,?,1976; 1977; 1978,New,Incl some MiG-23UM version,13,520,520
Libya,Soviet Union,1978,?,100,?,MiG-23MS,fighter aircraft,100,?,1979; 1980; 1981; 1982,New,,13,1300,1300
Libya,Soviet Union,1977,?,80,?,MiG-25P,fighter aircraft,80,?,1979; 1980; 1981; 1982,New,Incl some MiG-25PU,30,2400,2400
Libya,Soviet Union,1978,?,16,?,MiG-25RB,reconnaissance aircraft,16,?,1978; 1979; 1980; 1981,New,,30,480,480
Libya,Soviet Union,1969,?,25,?,ML-20 152mm,towed gun,25,?,1970,Second hand,Second-hand,0.2,5,5
Libya,Soviet Union,1980,?,20,?,Osa,mobile SAM system,20,?,1981; 1982,New,,10,200,200
Libya,Soviet Union,1974,?,7,?,P-12,air search radar,7,?,1975; 1976; 1977; 1978,New,Part of 7 2K12 Kub (SA-6a) regiments,4.5,31.5,31.5
Libya,Soviet Union,1974,,15,?,P-15,air search radar,15,?,1975,New,,4.5,67.5,67.5
Libya,Soviet Union,1974,?,7,?,P-15,air search radar,7,?,1975; 1976; 1977; 1978,New,P-19 (Flat Face-B) version; for use with 2K12 (SA-6) SAM systems,4.5,31.5,31.5
Libya,Soviet Union,1980,?,30,?,P-15M,anti-ship missile,30,?,1981; 1983; 1984; 1985,New,For Nanuchka-2 (Ean Mara) corvettes,0.75,22.5,22.5
Libya,Soviet Union,1984,?,20,?,P-15M,anti-ship missile,20,?,1986; 1987,New,For Koni (Al Hani) frigates,0.75,15,15
Libya,Soviet Union,1984,?,90,?,P-15M,anti-ship missile,90,?,1985,New,P-20 (SS-C-3) version for coast defence systems,0.75,67.5,67.5
Libya,Soviet Union,1975,,150,?,P-15U,anti-ship missile,150,?,1976; 1977; 1978; 1979; 1980,New,For Project-205M (Osa-2) FAC,0.7,105,105
Libya,Soviet Union,1974,?,7,?,P-40,air search radar,7,?,1975; 1976; 1977; 1978,New,Part of 7 SA-6a/2K12 Kub regiments,8,56,56
Libya,Soviet Union,1975,?,50,?,PM-43 120mm,mortar,50,?,1975,New,Possibly Second-hand,0.25,12.5,12.5
Libya,Soviet Union,1984,?,2,,Project-1159,corvette,2,,1986; 1987,New,Libyan designation Al Hani,125,250,250
Libya,Soviet Union,1980,,4,,Project-1234,corvette,4,,1981; 1983; 1984; 1985,New,Libyan designation Ean Mara,65,260,260
Libya,Soviet Union,1975,,12,,Project-205,FAC,12,,1976; 1977; 1978; 1979; 1980,Second hand,Second-hand; Osa-2 version,17,204,204
Libya,Soviet Union,1980,?,2,,Project-266M,minesweeper,2,,1981,New,,35,70,70
Libya,Soviet Union,1982,?,4,,Project-266M,minesweeper,4,,1983; 1984,New,,35,140,140
Libya,Soviet Union,1984,,2,,Project-266M,minesweeper,2,,1985; 1986,New,,35,70,70
Libya,Soviet Union,1975,,3,,Project-641,submarine,3,,1976; 1978,New,,75,225,225
Libya,Soviet Union,1978,,3,,Project-641,submarine,3,,1982; 1983,New,,75,225,225
Libya,Soviet Union,1976,?,4,,Project-771,landing ship,4,?,1977; 1978,New,Libyan designation Al Hadrami Class,20,80,80
Libya,Soviet Union,1974,?,7,?,PRV-9,height-finding radar,7,?,1975; 1976; 1977; 1978,New,Part of 7 SA-6a/2K12 Kub regiments,3.5,24.5,24.5
Libya,Soviet Union,1975,?,100,?,R-17 Elbrus,SSM,100,?,1976,New,,1.25,125,125
Libya,Soviet Union,1980,?,200,?,R-17 Elbrus,SSM,200,?,1981; 1982,New,,1.25,250,250
Libya,Soviet Union,1975,?,500,?,R-23,SRAAM,500,?,1976; 1977; 1978; 1979; 1980; 1981; 1982,New,For MiG-23MF combat aircraft,0.12,60,60
Libya,Soviet Union,1978,?,600,?,R-40,BVRAAM,600,?,1979; 1980; 1981; 1982,New,For MiG-25P combat aircraft,0.15,90,90
Libya,Soviet Union,1986,?,200,?,R-60,SRAAM,200,?,1987,New,,0.09,18,18
Libya,Soviet Union,1974,?,33,?,S-125 Pechora,SAM system,33,?,1974; 1975; 1976,New,,17.5,577.5,577.5
Libya,Soviet Union,1984,?,100,?,S-200,SAM,100,?,1985; 1986,New,,0.5,50,50
Libya,Soviet Union,1988,?,10,?,S-200,SAM,10,?,1988,New,,0.5,5,5
Libya,Soviet Union,1984,?,6,?,S-200 Angara,SAM system,6,?,1985; 1986,New,No. could be up to 15,35,210,210
Libya,Soviet Union,1973,?,18,?,S-75 Dvina,SAM system,18,?,1974; 1975,New,,17.87,321.66,321.66
Libya,Soviet Union,1972,?,35,?,SON-9,fire control radar,35,?,1972; 1973; 1974,New,For use with 150 KS-19 100mm and 60 S-60 57mm AA guns,0.6,21,21
Libya,Soviet Union,1982,?,3,?,Rubezh/SS-C-3,coastal defence system,3,?,1983; 1984,New,No. could be 4 or more,15,45,45
Libya,Soviet Union,1979,?,900,?,Strela-1,SAM,900,?,1979; 1980,New,,0.06,54,54
Libya,Soviet Union,1984,?,60,?,Strela-10,mobile SAM system,60,?,1984; 1985,New,,1.25,75,75
Libya,Soviet Union,1973,?,20000,?,Strela-2,portable SAM,20000,?,1973; 1974; 1975; 1976; 1977; 1978; 1979; 1980; 1981; 1982; 1983; 1984; 1985; 1986,New,Incl from Bulgarian production line,0.04,800,800
Libya,Soviet Union,1979,?,75,?,Su-22,FGA aircraft,75,?,1980; 1981,New,No. could be up to 100,13,975,975
Libya,Soviet Union,1988,?,6,?,Su-24,bomber aircraft,6,?,1989,New,Su-24MK version; no. could be up to 12; possibly more ordered but not delivered,35,210,210
Libya,Soviet Union,1976,,200,?,T-54,tank,200,?,1976; 1977,Second hand,Second-hand,0.44,88,88
Libya,Soviet Union,1970,?,100,,T-54,tank,100,?,1970; 1971,Second hand,Probably Second-hand,0.44,44,44
Libya,Soviet Union,1975,?,500,?,T-54,tank,500,?,1976,Second hand,Second-hand,0.44,220,220
Libya,Soviet Union,1976,,2000,?,T-55,tank,2000,?,1977; 1978,New,Possibly incl from Czechoslovak production line,1.25,2500,2500
Libya,Soviet Union,1970,?,100,,T-55,tank,100,?,1970; 1971,New,,1.25,125,125
Libya,Soviet Union,1973,?,150,?,T-55,tank,150,?,1974,New,,1.25,187.5,187.5
Libya,Soviet Union,1976,,400,?,T-62,tank,400,,1976; 1977; 1978,New,,1.8,720,720
Libya,Soviet Union,1978,,250,,T-62,tank,250,,1978,New,,1.8,450,450
Libya,Soviet Union,1973,?,150,?,T-62,tank,150,?,1974,New,,1.8,270,270
Libya,Soviet Union,1978,?,125,?,T-72,tank,125,?,1979; 1980; 1981,New,,2.14,267.5,267.5
Libya,Soviet Union,1982,?,125,?,T-72M1,tank,125,?,1982; 1983,New,,2.6,325,325
Libya,Soviet Union,1975,,12,?,Tu-22,bomber aircraft,12,?,1979,Second hand,Second-hand; probably incl some Tu-22U trainer version,10,120,120
Libya,Soviet Union,1975,?,12,,Tu-22,bomber aircraft,12,?,1976; 1977,Second hand,Second-hand; probably incl some Tu-22U trainer version,10,120,120
Libya,Soviet Union,1974,,1200,?,V-601,SAM,1200,?,1974; 1975; 1976,New,,0.12,144,144
Libya,Soviet Union,1973,?,432,?,V-750,SAM,432,?,1974; 1975,New,For 18 SA-2 SAM systems,0.12,51.84,51.84
Libya,Soviet Union,1977,?,200,?,ZSU-23-4 Shilka,self-propelled AA gun,200,?,1977; 1978,New,,7,1400,1400
Libya,Yugoslavia,1975,,60,?,G-2A Galeb,trainer aircraft,60,?,1976; 1977; 1978; 1979; 1980; 1981,New,G-2AE version,2.25,135,135
Libya,Yugoslavia,1982,?,62,?,G-2A Galeb,trainer aircraft,62,?,1983; 1984; 1985,New,G-2AE version,2.25,139.5,139.5
Libya,Yugoslavia,1975,?,32,?,J-21 Jastreb,ground attack aircraft,32,?,1976; 1977,New,J-21E or J-1L version; incl some RJ-21E or RJ-1L reconnaissance version,2.1,67.2,67.2
Libya,Yugoslavia,1980,?,1,,Spasilac,salvage ship,1,,1982,New,Libyan designation Zlatica,20,20,20
Libya,Yugoslavia,1982,?,1000,?,Strela-2,portable SAM,1000,?,1984; 1985,New,,0.04,40,40
Libya HoR*,Belarus,2014,,4,,Mi-24P/Mi-35P,combat helicopter,4,,2015,Second hand,Second-hand; acquired and financed via UAE,3.6,14.4,14.4
Libya HoR*,Egypt,2014,,3,?,Mi-8T,transport helicopter,3,?,2014,Second hand,Second-hand; aid,2.4,7.2,7.2
Libya HoR*,Egypt,2014,,5,?,MiG-21MF,fighter aircraft,5,?,2015,Second hand,Second-hand; aid,4.28,21.4,21.4
Libya HoR*,Egypt,2019,?,10,?,T-55,tank,10,?,2019,Second hand,Second-hand; probably T-55E version; probably aid,0.5,5,5
Libya HoR*,Jordan,2019,?,5,?,Al-Mared,APC,5,?,2019,New,,0.32,1.6,1.6
Libya HoR*,Jordan,2018,?,5,?,Al-Wahsh,APC,5,?,2018,New,Possibly delivered via other state,0.2,1,1
Libya HoR*,Jordan,2019,,5,?,Mbombe,APC,5,?,2019,Second hand,Second-hand,0.16,0.8,0.8
Libya HoR*,Netherlands,2017,,1,,Emer,OPV,1,,2018,Second hand,Second-hand; sold via UAE company; Libyan designation Al-Karama,10,10,10
Libya HoR*,Russia,2020,?,14,,MiG-29S,FGA aircraft,14,?,2020,Second hand,Second-hand; possibly flown by mercenaries,11.4,159.6,159.6
Libya HoR*,Russia,2020,?,50,?,R-27R/T,BVRAAM,50,?,2021; 2022,Second hand,R-27T version; for MiG-29 combat aircraft,0.08,3.8,3.8
Libya HoR*,Russia,2020,?,100,?,R-73,SRAAM,100,?,2021; 2022,Second hand,Probably second-hand,0.06,6,6
Libya HoR*,Russia,2020,,2,?,Su-24,bomber aircraft,2,?,2020,Second hand,Second-hand,14,28,28
Libya HoR*,UAE,2019,,50,?,5.7E+07,SAM,50,?,2019,New,For Pantsyr-S1 air-defence systems,0.25,12.5,12.5
Libya HoR*,UAE,2017,?,10,?,N35,APC,10,?,2017,New,,0.45,4.5,4.5
Libya HoR*,UAE,2014,?,103,?,Panthera T6,APC/APV,103,?,2015; 2016,New,Including 18 Tygra version,0.14,14.42,14.42
Libya HoR*,UAE,2019,?,2,?,96K9 Pantsyr-S1,self-propelled AD system,2,?,2019,Second hand,Second-hand; aid,4.4,8.8,8.8
Libya HoR*,UAE,2013,?,38,?,Typhoon,APC,38,?,2014,New,Typhoon GSS-300 version,0.2,7.6,7.6
Libya HoR*,United States,2013,?,38,?,vehicle engine,vehicle engine,38,?,2014,New,Cummins-8.81 (400hp) diesel engine; for 38 Typhoon APC from UAE,0.05,1.9,1.9
Libya HoR*,United States,2018,?,5,?,vehicle engine,vehicle engine,5,?,2018,New,Cummins 370hp diesel engine; for 5 Al-Wahsh APC from Jordan,0.05,0.25,0.25
Libya HoR*,unknown supplier(s),2017,?,10,?,Caiman,APC,10,?,2017,Second hand,Second-hand; supplier UAE or Egypt; aid,0.1,1,1
Libya HoR*,unknown supplier(s),2019,?,1,,PC-6 Porter,light transport aircraft,1,,2019,Second hand,Second-hand but modified for reconnaissance before delivery; bought by mercenary company for support of Libya HoR forces,0.18,0.18,0.18
Libya HoR*,unknown supplier(s),2019,?,8,?,Terrier LT-79,APC,8,?,2019,New,Supplier possibly UAE,0.14,1.12,1.12
Libya HoR*,unknown supplier(s),2019,?,5,?,Titan,APC,5,?,2019,New,Titan-DS,0.13,0.65,0.65
Libya HoR*,unknown supplier(s),2019,?,5,?,vehicle engine,vehicle engine,5,?,2019,New,Â±420hp diesel engine (possible Tatra (Czech) or Cummins (USA)); for 5 Al-Mared APC from Jordan,0.08,0.4,0.4
Libya GNC,Turkiye,2019,,12,?,Bayraktar TB2,armed UAV,12,?,2019,New,,2.4,28.8,28.8
Libya GNC,Turkiye,2019,,15,?,Kirpi,APC,15,?,2019,New,Possibly aid; Kirpi-2 version,0.25,3.75,3.75
Libya GNC,Turkiye,2020,?,1,?,T-122/300,self-propelled MRL,1,?,2020,Second hand,Second-hand; aid,0.44,0.44,0.44
Libya GNC,UAE,2015,?,8,?,Typhoon,APC,8,?,2016,New,Supplier uncertain,0.2,1.6,1.6
Libya GNC,United States,2015,?,8,?,vehicle engine,vehicle engine,8,?,2016,New,Cummins-8.81 (400hp) diesel engine; for 8 Typhoon APC from UAE,0.05,0.4,0.4
Libya GNC,United States,2019,?,15,?,vehicle engine,vehicle engine,15,?,2019,New,Cummins ISLe+ (350hp) diesel engine for 13 Kirpi-2 APC from Turkey,0.05,0.75,0.75
LF (Lebanon)*,Iraq,1988,?,3,?,2S4 240mm,self-propelled mortar,3,?,1988,Second hand,Second-hand; aid,0.36,1.08,1.08
LF (Lebanon)*,Iraq,1988,,18,?,BM-21 Grad 122mm,self-propelled MRL,18,?,1988,Second hand,Second-hand; aid; designation uncertain,0.24,4.32,4.32
LF (Lebanon)*,Iraq,1988,,18,?,D-30 122mm,towed gun,18,?,1988,Second hand,Second-hand; aid; designation uncertain,0.14,2.52,2.52
LF (Lebanon)*,Iraq,1988,?,50,?,M-113,APC,50,?,1988,Second hand,Second-hand (captured by Iraq from Iran and transferred to Lebanese militias); aid; M-113A1 version,0.1,5,5
LF (Lebanon)*,Iraq,1988,,120,?,T-55,tank,120,?,1988; 1989,Second hand,Second-hand; aid; no. could be between 64 and 250,0.5,60,60
LF (Lebanon)*,Israel,1987,,18,?,BS-3 100mm,towed gun,18,?,1987,Second hand,Second-hand; aid; designation uncertain,0.14,2.52,2.52
LF (Lebanon)*,Israel,1987,,18,?,BTR-60P,APC,18,?,1987,Second hand,Second-hand; aid,0.08,1.44,1.44
LF (Lebanon)*,Israel,1984,?,20,?,M-51 Sherman,tank,20,?,1984,Second hand,Second-hand; aid,0.46,9.2,9.2
LF (Lebanon)*,Israel,1987,,18,?,T-54,tank,18,?,1987,Second hand,Second-hand,0.44,7.92,7.92
LF (Lebanon)*,South Africa,1991,?,75,,MILAN,anti-tank missile,75,?,1991; 1992,New,Deal also incl 9 launchers,0.01,0.75,0.75
Lebanon Palestinian rebels*,Syria,1988,?,30,,T-55,tank,30,,1988,Second hand,Second-hand; aid,0.5,15,15
Lebanon Palestinian rebels*,unknown supplier(s),1981,?,20,?,BM-21 Grad 122mm,self-propelled MRL,20,?,1981; 1982,New,BM-11 version (on Japanese trucks),0.6,12,12
Lebanon Palestinian rebels*,unknown supplier(s),1981,?,10,?,Type-63 107mm,towed MRL,10,?,1982,New,,0.05,0.5,0.5
LTTE (Sri Lanka)*,Cambodia,1999,?,5,?,M-46 130mm,towed gun,5,?,2000,Second hand,Second-hand; illegally supplied from Cambodia,0.26,1.3,1.3
LTTE (Sri Lanka)*,Cambodia,1994,?,25,?,Strela-2,portable SAM,25,?,1994; 1995,Second hand,Second-hand; supplier uncertain (reported acquired from source in Cambodia),0.02,0.4,0.4
LTTE (Sri Lanka)*,unknown supplier(s),1998,?,1,,Cessna-150/Cessna-152,trainer/light aircraft,1,,1998,Second hand,Probably second hand; designation uncertain (reported as '2-seat light plane').,0.03,0.03,0.03
LTTE (Sri Lanka)*,unknown supplier(s),1999,?,10,?,Fagot,anti-tank missile,10,?,1999,New,,0.01,0.1,0.1
LTTE (Sri Lanka)*,unknown supplier(s),2002,?,25,?,PM-43 120mm,mortar,25,?,2002,Second hand,Second-hand,0.1,2.5,2.5
LTTE (Sri Lanka)*,unknown supplier(s),1998,?,1,,R-44,light helicopter,1,,1998,Second hand,Possibly second-hand,0.1,0.1,0.1
LTTE (Sri Lanka)*,unknown supplier(s),1997,?,5,?,Strela-3,portable SAM,5,?,1998,New,Probably second-hand,0.06,0.3,0.3
LTTE (Sri Lanka)*,unknown supplier(s),2005,?,2,?,Z-143L,light aircraft,2,?,2005,Second hand,Modified by LTTE for ground attack (with light improvised bombs),0.07,0.14,0.14
LRA (Uganda)*,unknown supplier(s),2002,?,5,?,Strela-2,portable SAM,5,?,2002,New,,0.04,0.2,0.2