Vanuatu,Australia,1985,,1,,ASI-315,patrol craft,1,,1987,New,Part of 'Pacific Patrol Boat'/'Defence Cooperation' aid programme; Vanuatuan designation Tukoro,6,6,6
Vanuatu,Australia,2014,,1,,Guardian,patrol craft,1,,2021,New,Part of 'SEA-3036 Pacific Patrol Boat Replacement' aid programme; Vanuatu designation Takuare,7,7,7
Venezuela,Austria,2014,,24,,DA40,light aircraft,24,?,2014; 2015,New,DA40NG version; for training,0.15,3.6,3.6
Venezuela,Austria,2014,,6,,DA42,light aircraft,6,,2014; 2015,New,DA-42VI version; for training; delivery 2014-2015,0.35,2.1,2.1
Venezuela,Austria,2008,,6,,DA42MPP,reconnaissance aircraft,6,?,2009; 2010; 2011; 2012,New,Probably for MP,0.5,3,3
Venezuela,Brazil,1983,,38,?,EE-11 Urutu,APC,38,?,1984,New,Incl IFV; ARV and command post versions,0.24,9.31,9.31
Venezuela,Brazil,1986,,32,,EMB-312 Tucano,trainer aircraft,32,?,1986; 1987,New,$53 m deal; incl 12 A-27 version for combat role,1.9,60.8,60.8
Venezuela,Canada,1977,,6,?,aircraft engine,aircraft engine,6,?,1980; 1981,New,Pratt & Whitney Canada PT-6A-68T-3 (1800hp) turboshaft; for 6 AB-212ASW ASW helicopters from Italy,0.5,3,3
Venezuela,Canada,1990,,3,?,aircraft engine,aircraft engine,3,?,1991,New,Pratt & Whitney Canada PT-6A-68T-3 (1800hp) turboshaft; for 3 AB-212ASW ASW helicopters from Italy,0.5,1.5,1.5
Venezuela,Canada,1986,,32,?,aircraft engine,aircraft engine,32,?,1986; 1987,New,Pratt & Whitney Canada PT-6A-25C (750hp) turboprop; for 32 EMB-312 trainer aircraft from Brazil,0.35,11.2,11.2
Venezuela,Canada,1953,?,9,,B-25 Mitchell,bomber aircraft,9,,1953,Second hand,Second-hand; B-25J version,2,18,18
Venezuela,Canada,1981,?,1,,DHC-7,transport aircraft,1,,1982,New,,10.5,10.5,10.5
Venezuela,Canada,1971,,18,,F-5A Freedom Fighter,FGA aircraft,18,,1972,Second hand,Second-hand; CF-5A version (incl 2 CF-5D trainer/combat version); Venezuelan designation VF-5A and VF-5B,3.2,57.6,57.6
Venezuela,Canada,1973,?,2,,F-5A Freedom Fighter,FGA aircraft,2,,1974,Second hand,Second-hand; CF-5D trainer/combat version; Venezuelan designation VF-5B,3.2,6.4,6.4
Venezuela,China,2017,?,30,?,C-802A,anti-ship/land-attack missile,30,?,2023,New,For POVZEE (Avante-2200 or Guaiquerí) OPV,1,30,30
Venezuela,China,2008,,3,?,JY-11,air search radar,3,?,2010; 2011,New,JY-11B version,7.5,22.5,22.5
Venezuela,China,2005,,3,?,JYL-1,air search radar,3,?,2006; 2007,New,Part of $150 m programme for military-civilian air-surveillance system,13.5,40.5,40.5
Venezuela,China,2006,?,7,?,JYL-1,air search radar,7,?,2008; 2009,New,,13.5,94.5,94.5
Venezuela,China,2008,,18,,K-8,trainer/combat aircraft,18,,2010,New,,3.5,63,63
Venezuela,China,2014,?,9,,K-8,trainer/combat aircraft,9,,2016,New,K-8W or K-8VV version,3.5,31.5,31.5
Venezuela,China,2008,?,100,?,PL-5E,SRAAM,100,?,2010,New,For K-8 trainer/combat aircraft,0.11,11,11
Venezuela,China,2012,?,250,?,Red Arrow-73,anti-tank missile,250,?,2015,New,Red Arrow-73D version for VN-18 IFV,0.01,2.5,2.5
Venezuela,China,2012,?,18,?,SR-5,self-propelled MRL,18,?,2014; 2015,New,Part of $500 m deal,1.1,19.8,19.8
Venezuela,China,2012,,68,?,Type-07P,IFV,68,?,2014; 2015; 2016,New,Part of $500 m deal; VN-1 version,1.3,88.4,88.4
Venezuela,China,2012,,121,?,VN-4,APC/APV,121,?,2012; 2013; 2014; 2015,New,For National Guard,0.16,19.36,19.36
Venezuela,China,2011,,8,,Y-8,transport aircraft,8,,2012; 2013; 2014,New,Y-8F-200W version,23,184,184
Venezuela,China,2012,,23,?,ZBD-05/VN-18,IFV,23,?,2015,New,Part of $500 m deal; VN-18 version,1.25,28.75,28.75
Venezuela,China,2012,,9,?,ZTD-05,light tank,9,?,2015,New,Part of $500 m deal; VN-16 version,2.25,20.25,20.25
Venezuela,France,1988,?,40,?,AM-39 Exocet,anti-ship missile,40,?,1990; 1991; 1992; 1993,New,For Mirage-50 combat aircraft,0.75,30,30
Venezuela,France,1974,?,10,?,AML,armoured car,10,?,1975; 1976,New,,0.7,7,7
Venezuela,France,1971,,12,,AML-S-530,self-propelled AA gun,12,,1973,New,,0.35,4.2,4.2
Venezuela,France,1954,,40,,AMX-13/75,light tank,40,,1955,New,,0.9,36,36
Venezuela,France,1988,,31,,AMX-13/90,light tank,31,?,1989; 1990,Second hand but modernized,Second-hand but modernized before delivery,0.73,22.51,22.51
Venezuela,France,1972,?,82,?,AMX-30B,tank,82,?,1973; 1974,New,,1.8,147.6,147.6
Venezuela,France,1972,?,4,,AMX-30D,ARV,4,?,1973; 1974,New,,1.4,5.6,5.6
Venezuela,France,1972,?,12,?,AMX-Mk-F3 155mm,self-propelled gun,12,?,1972; 1973,New,,0.8,9.6,9.6
Venezuela,France,1972,?,50,?,AMX-VCI,APC,50,?,1972; 1973; 1974; 1975,New,Incl VTT-PC command post; VTT-PM 81mm mortar carrier; VTT-TB ambulance and VTT-LT ALV versions,0.3,15,15
Venezuela,France,1972,?,6,?,AMX-VTT/PM,self-propelled mortar,6,?,1973; 1974,New,,0.5,3,3
Venezuela,France,1977,?,40,?,AS-12,anti-ship missile/ASM,40,?,1980; 1981,New,For AB-212ASW helicopters,0.02,0.8,0.8
Venezuela,France,1988,?,12,,AS-355/AS-555 Fennec,light helicopter,12,,1988,New,AS-355F2 version; for National Guard,1.3,15.6,15.6
Venezuela,France,1988,,8,,AS-532 Cougar,transport helicopter,8,,1989; 1990,New,$85 m deal; AS-332M1 version,7.25,58,58
Venezuela,France,1997,?,8,,AS-532U2 Cougar,transport helicopter,8,,1999; 2000,New,AS-532AC version; incl 6 armed version for CSAR and 2 for SAR (2 more delivered for government VIP transport),7.25,58,58
Venezuela,France,1988,,8,,Cyrano-4,combat aircraft radar,8,?,1990; 1991; 1992; 1993,New,For 6 Mirage-5/D modernized in France to Mirage-50EV/DV,1.5,12,12
Venezuela,France,1953,?,1,,Dos De,OPV,1,,1954,New,,10,10,10
Venezuela,France,1988,?,1,,Falcon-20,light transport aircraft,1,,1990,New,Falcon-20F version; for VIP transport,7.3,7.3,7.3
Venezuela,France,1971,,9,,Mirage-3E,FGA aircraft,9,?,1973; 1974,New,Mirage-3EV version,12,108,108
Venezuela,France,1977,,1,,Mirage-5,FGA aircraft,1,,1977,New,,11.25,11.25,11.25
Venezuela,France,1971,,6,,Mirage-5,FGA aircraft,6,?,1973; 1974,New,Mirage-5V version; incl 2 Mirage-5D,11.25,67.5,67.5
Venezuela,France,1988,,18,,Mirage-50,FGA aircraft,18,?,1989; 1990; 1991; 1992; 1993,New,Mirage-50EV version; incl 3 Mirage-50DV version; incl 8 Venezuelan Mirage-5 and Mirage-3 and 3 second-hand Mirage-5 (possibly Zairean aircraft bought back by French producer) rebuilt to Mirage-50EV,16,288,288
Venezuela,France,1999,?,50,?,Mistral,portable SAM,50,?,2001; 2002,New,,0.09,4.5,4.5
Venezuela,France,1964,?,18,?,MO-120-RT 120mm,mortar,18,?,1964,New,,0.3,5.4,5.4
Venezuela,France,1976,?,18,?,MO-120-RT 120mm,mortar,18,?,1977,New,,0.3,5.4,5.4
Venezuela,France,1972,?,20,?,R-530,SRAAM,20,?,1973; 1974,New,For Mirage-3 combat aircraft,0.1,2,2
Venezuela,France,1988,,75,?,R-550 Magic-2,SRAAM,75,?,1990; 1991; 1992; 1993,New,$30-31 m deal; for Mirage-50EV combat aircraft,0.11,8.25,8.25
Venezuela,France,1986,?,2,?,DRPT-5 Rasit,ground surv radar,2,?,1987,New,,0.1,0.2,0.2
Venezuela,France,1984,?,125,?,Roland,SAM,125,?,1985; 1986,New,,0.12,15,15
Venezuela,France,1984,?,6,,Roland,mobile SAM system,6,?,1985; 1986,New,,10,60,60
Venezuela,France,1965,?,21,?,SA-316B Alouette-3,light helicopter,21,?,1967; 1968,New,,0.9,18.9,18.9
Venezuela,France,1976,?,300,?,SS-11,anti-tank missile,300,?,1976; 1977; 1978,New,,0.01,3,3
Venezuela,Germany,1990,?,2,,CSU-83,submarine sonar,2,,1992; 1995,New,For modernization of 2 Type-209 (Sabalo) submarines,5,10,10
Venezuela,Germany,2013,,1,?,Do-228,light transport aircraft,1,,2014,New,Do-228-212NG version; originally 8 ordered but only 1 delivered,2.2,2.2,2.2
Venezuela,Germany,2013,,2,,Do-228,light transport aircraft,2,,2014,Second hand,Second-hand; Do-228-212 version,0.88,1.76,1.76
Venezuela,Germany,1966,,47,,F-86D Sabre,fighter aircraft,47,,1967,New,Second-hand (but most stored and not used operationally by FRG); F-86K version,4.25,199.75,199.75
Venezuela,Germany,1998,?,4,,ship engine,ship engine,4,,2002,New,MTU 20V1163 (4000hp) diesel engine for modernization of 2 Lupo (Sucre) frigates,1.2,4.8,4.8
Venezuela,Germany,2006,?,32,,ship engine,ship engine,32,,2009; 2010; 2011; 2012; 2020,New,MTU 12V1163 (5900hp) diesel engine for 4 POVZEE (Caribé) and 4 BVL (Guaicamacuto) OPV from Spain,1.5,48,48
Venezuela,Germany,1972,?,60,?,SST Seal,anti-ship torpedo,60,?,1976; 1977,New,For Type-209 (Sabalo) submarines,1,60,60
Venezuela,Germany,1983,,10,,Tpz-1 Fuchs,APC,10,,1983,New,,0.35,3.5,3.5
Venezuela,Germany,1971,,2,,Type-209/1300,submarine,2,,1976; 1977,New,Venezuelan designation Sabalo,125,250,250
Venezuela,Germany,1976,?,20,?,UR-416,APC,20,?,1978,New,For National Guard,0.15,3,3
Venezuela,Iran,2022,?,25,?,C-701/FL-8,anti-ship missile,25,?,2023,New,For Peykaap-3 FAC; Kowsar version (designation uncertain; could be C-705/Nasr),0.25,6.25,6.25
Venezuela,Iran,2007,?,12,?,Mohajer,UAV,12,?,2012; 2013,New,Probably Mohajer-3 version; Venezuelan designation probably Sant Arpia,0.1,1.2,1.2
Venezuela,Iran,2022,?,6,?,Peykaap,FAC,6,?,2023,New,Peykaap-3 version,7.5,45,45
Venezuela,Israel,1988,,2,,air refuel system,air refuel system,2,,1991,New,For modification of 2 Boeing-707 transport aircraft to tanker/transport aircraft,10,20,20
Venezuela,Israel,1979,,3,,Arava,transport aircraft,3,,1980,New,,2.75,8.25,8.25
Venezuela,Israel,1980,?,1,?,Arava,transport aircraft,1,?,1981,New,IAI-202 version,2.75,2.75,2.75
Venezuela,Israel,1978,?,4,,Arava,transport aircraft,4,,1980,New,For National Guard,2.75,11,11
Venezuela,Israel,1987,,2,,Arava,transport aircraft,2,,1989,New,For National Guard,2.75,5.5,5.5
Venezuela,Israel,1999,,40,?,Barak-1,SAM,40,?,2005; 2006,New,$20 m deal (incl 3 ADAMS launchers); for Defender SAM system from Netherlands; ordered via Dutch company; option on more,0.25,10,10
Venezuela,Israel,1982,?,25,,LAR-160,self-propelled MRL,25,,1984,New,Version on AMX-13 tank chassis,0.9,22.5,22.5
Venezuela,Israel,1997,?,4,?,Litening,aircraft EO system,4,?,1997,New,For F-16 combat aircraft,1,4,4
Venezuela,Israel,1997,?,25,?,Lizard,guided bomb,25,?,1997,New,For modernized F-16 combat aircraft,0.02,0.5,0.5
Venezuela,Israel,1999,,2,?,EL/M-2238 STAR,air search radar,2,,2002,New,For modernization of 2 Lupo (Sucre) frigates,12.5,25,25
Venezuela,Israel,1990,?,250,?,MAPATS,anti-tank missile,250,?,1990,New,,0.01,2.5,2.5
Venezuela,Israel,2003,,54,,Python-4,BVRAAM,54,?,2004,New,$7.5 m deal; for F-16A combat aircraft,0.17,9.18,9.18
Venezuela,Israel,1974,?,10,?,RBY-1,APV,10,?,1975,New,,0.12,1.2,1.2
Venezuela,Italy,1979,?,4,,A-109,light helicopter,4,,1979,New,For National Guard,1.2,4.8,4.8
Venezuela,Italy,1983,,6,,A-109,light helicopter,6,,1984,New,Armed A-109AM version,1.2,7.2,7.2
Venezuela,Italy,1990,?,4,,A-109,light helicopter,4,,1990,New,Armed A-109A Mk-2 version,1.2,4.8,4.8
Venezuela,Italy,1981,?,2,,A-109,light helicopter,2,,1981,New,For National Guard,1.2,2.4,2.4
Venezuela,Italy,1984,?,150,,A244,ASW torpedo,150,?,1985; 1986; 1987; 1988,New,For 6 Lupo (Sucre) and 2 modernized Clemente frigates and AB-212ASW helicopters,0.25,37.5,37.5
Venezuela,Italy,1977,,6,,AB-212ASW,ASW helicopter,6,?,1980; 1981,New,,8.75,52.5,52.5
Venezuela,Italy,1990,,3,,AB-212ASW,ASW helicopter,3,?,1991,New,,8.75,26.25,26.25
Venezuela,Italy,1975,?,100,?,Aspide,BVRAAM/SAM,100,?,1980; 1981; 1982,New,For use with Albatros SAM system on Lupo (Sucre) frigates,0.18,18,18
Venezuela,Italy,1984,,2,,Bell-412,helicopter,2,,1988,New,,5,10,10
Venezuela,Italy,1953,,3,,Clemente,frigate,3,,1956,New,,52,156,156
Venezuela,Italy,1954,,3,,Clemente,frigate,3,,1957,New,,52,156,156
Venezuela,Italy,1974,?,3,,Compact 76mm,naval gun,3,,1974; 1975,New,For 3 Constitucion (Federacion) FAC from UK,2.5,7.5,7.5
Venezuela,Italy,1967,?,4,,Compact 76mm,naval gun,4,,1968,New,For modernization of 2 Almirante Clemente frigates,2.5,10,10
Venezuela,Italy,2006,?,8,,Compact 76mm,naval gun,8,,2009; 2010; 2011; 2012; 2020,New,For 4 POVZEE (Caribé) and 4 BVL (Guaicamacuto) OPV from Spain,2.5,20,20
Venezuela,Italy,1982,?,4,,Compact 40L70,naval gun,4,,1984,New,For 4 Alligator (Capana) landing ships from South Korea,2.5,10,10
Venezuela,Italy,1981,,8,?,G-222,transport aircraft,8,?,1983; 1984; 1985,New,$150 m deal,12.8,102.4,102.4
Venezuela,Italy,1975,,6,,Lupo,frigate,6,,1980; 1981; 1982,New,Venezuelan designation Sucre,241,1446,1446
Venezuela,Italy,1973,?,40,,Model-56 105mm,towed gun,40,,1973,New,,0.45,18,18
Venezuela,Italy,1972,,15,?,Otomat-1,anti-ship missile,15,?,1975,New,For 3 Constitucion FAC,0.9,13.5,13.5
Venezuela,Italy,1975,?,100,?,Otomat-2,anti-ship missile,100,?,1980; 1981; 1982,New,For Lupo (Sucre) frigates,1.1,110,110
Venezuela,Italy,1992,,14,?,Otomat-2,anti-ship missile,14,,1992; 1993,New,$17 m deal,1.1,15.4,15.4
Venezuela,Italy,1999,?,11,,Otomat-2,anti-ship missile,11,,2000,New,,1.1,12.1,12.1
Venezuela,Italy,1983,,2,,Orion RTN-10X,fire control radar,2,?,1983; 1985,New,For modernization of 2 Clemente frigates,2.25,4.5,4.5
Venezuela,Italy,1972,,3,,Orion RTN-10X,fire control radar,3,,1975,New,For 3 Constiticion patrol craft; for use with 76mm gun,2.25,6.75,6.75
Venezuela,Italy,1983,,4,,S-61R,transport helicopter,4,,1985,New,AS-61D4 version,6.5,26,26
Venezuela,Italy,1977,,100,?,Sea Killer/Marte-1,anti-ship missile,100,?,1980; 1981; 1982,New,Marte-1 version; for AB-212ASW helicopters,0.6,60,60
Venezuela,Italy,1998,,12,,SF-260,trainer aircraft,12,?,2000; 2001; 2002,New,$12 m deal; SF-260EU version,0.24,2.88,2.88
Venezuela,Italy,1972,,6,,MM/SPQ-701,air/sea search radar,6,,1974; 1975,New,For 6 Constitucion FAC/patrol craft from UK; designation uncertain,4.75,28.5,28.5
Venezuela,Italy,1980,?,36,,Twin 40L70 40mm,AA gun,36,?,1982; 1983,New,Part of Guardian air defence system,2.5,90,90
Venezuela,Italy,1988,?,14,?,Type-6614,APC,14,?,1989,New,For National Guard,0.18,2.52,2.52
Venezuela,South Korea,1982,,4,,Alligator,landing ship,4,,1984,New,$93 m deal; Alligator-3 version; Venezuelan designation Capana,31.5,126,126
Venezuela,South Korea,1999,,1,,Ciudad Bolivar,replenishment ship,1,,2001,New,$57 m deal,50,50,50
Venezuela,Netherlands,1980,?,18,,Flycatcher,fire control radar,18,?,1981; 1982; 1983,New,Part of Guardian air defence system; for use with 36 Twin 40L70 AA guns,5,90,90
Venezuela,Netherlands,1999,,3,,Flycatcher Mk-2,fire control radar,3,?,2005; 2006,New,Part of Defender SAM system (with ADAMS launchers and Barak SAM from Israel); option on 3 more not used,6,18,18
Venezuela,Netherlands,2006,,8,,MIRADOR,EO search/fire control,8,,2009; 2010; 2011; 2012; 2020,New,For 4 POVZEE (Caribé) and 4 BVL (Guaicamacuto) OPV from Spain,2.5,20,20
Venezuela,Netherlands,1997,,25,?,MIRADOR,EO search/fire control,25,?,1999; 2000; 2001,New,For use with Guardian and ADAMS air defence systems and Mistral SAM,2.5,62.5,62.5
Venezuela,Netherlands,1988,,7,,NF-5A,FGA aircraft,7,,1991,Second hand but modernized,Second-hand but modernized before delivery; $67 m deal; incl 6 F-5B trainer/combat version,5.94,41.58,41.58
Venezuela,Netherlands,1997,,2,,Reporter,air search radar,2,?,1999,New,For use with Guardian air defence system,2.5,5,5
Venezuela,Netherlands,2009,,4,,Stan Lander-5612,landing ship,4,,2012; 2013; 2014,New,From Cuban production line,14,56,56
Venezuela,Netherlands,2014,,5,,Stan Lander-5612,landing ship,5,,2015; 2016; 2018; 2020,New,From Vietnamese production line,14,70,70
Venezuela,Netherlands,2006,,4,,SMART,air search radar,4,,2011; 2012,New,For 4 POVZEE (Caribé) from Spain; SMART Mk-2 version,12.5,50,50
Venezuela,Netherlands,2012,,1,?,Stan Patrol-4207,patrol craft,1,?,2014,New,Assembled in Cuba,10,10,10
Venezuela,Netherlands,2006,,8,,STING,fire control radar,8,,2009; 2010; 2011; 2012; 2020,New,For 4 POVZEE (Caribé) and 4 BVL (Guaicamacuto) OPV from Spain,4.75,38,38
Venezuela,Netherlands,2006,,4,,Variant,air/sea search radar,4,,2009; 2010; 2011; 2020,New,For 4 BVL (Guaicamacuto) OPV from Spain,4.75,19,19
Venezuela,Poland,1997,,2,,M26 Iskierka,trainer aircraft,2,,1998,New,For National Guard,0.24,0.48,0.48
Venezuela,Poland,1995,?,6,,M28 Skytruck,light transport aircraft,6,,1996; 1997,New,For National Guard,2.75,16.5,16.5
Venezuela,Poland,1997,,12,,M28 Skytruck,light transport aircraft,12,?,1999; 2000; 2001,New,$20 m deal; for National Guard,2.75,33,33
Venezuela,Poland,1999,?,6,?,M28 Skytruck,light transport aircraft,6,?,2000,New,,2.75,16.5,16.5
Venezuela,Russia,2010,?,24,,2B11 120mm,mortar,24,?,2011; 2012,New,2S12 version,0.25,6,6
Venezuela,Russia,2009,,48,?,2S19 MSTA-S 152mm,self-propelled gun,48,?,2011; 2012; 2013,New,2S19M version,1.75,84,84
Venezuela,Russia,2009,,13,?,2S23 Nona-SVK,self-propelled mortar,13,?,2011,New,,0.9,11.7,11.7
Venezuela,Russia,2009,?,300,?,9M317,SAM,300,?,2013,New,,0.25,75,75
Venezuela,Russia,2009,,40,?,9M82M,SAM,40,?,2013,New,For S-300VM (Antey-2500 or SA-23) SAM systems,1.5,60,60
Venezuela,Russia,2009,,150,?,9M83M,SAM,150,?,2013,New,For S-300VM (Antey-2500 or SA-23) SAM system,0.9,135,135
Venezuela,Russia,2009,?,1000,?,Bastion,anti-tank missile,1000,?,2011; 2012; 2013,New,For BMP-3 IFV,0.02,20,20
Venezuela,Russia,2009,?,24,?,BM-21 Grad 122mm,self-propelled MRL,24,?,2011,Second hand,Probably second-hand (but possibly modernized before delivery); BM-21-1 version,0.24,5.76,5.76
Venezuela,Russia,2009,,123,?,BMP-3,IFV,123,?,2011; 2012; 2013,New,BMP-3M version; incl some BREM-L ARV version,1.45,178.35,178.35
Venezuela,Russia,2009,,5,?,BREM-1,ARV,5,?,2011; 2012; 2013,Second hand but modernized,Second-hand but probably modernized before delivery,0.92,4.62,4.62
Venezuela,Russia,2009,,114,?,BTR-80A,IFV,114,?,2011; 2012; 2013; 2014,New,,0.9,102.6,102.6
Venezuela,Russia,2009,?,3,?,Buk-M2,SAM system,3,?,2013,New,,60,180,180
Venezuela,Russia,2008,,2000,?,Igla-S,portable SAM,2000,?,2009; 2010,New,Deal incl also 200 launchers,0.08,160,160
Venezuela,Russia,2011,?,2000,?,Igla-S,portable SAM,2000,,2012,New,,0.08,160,160
Venezuela,Russia,2006,?,200,?,KAB-500/1500,guided bomb,200,?,2007; 2008,New,KAB-500 and KAB-1500 version,0.02,4,4
Venezuela,Russia,2006,,50,?,Kh-29,ASM,50,?,2008,New,For SU-30MK combat aircraft,0.2,10,10
Venezuela,Russia,2006,?,50,?,Kh-31A1,anti-ship/anti-radar missile,50,?,2008,New,Possibly incl Kh-31P version; for Su-30MK combat aircraft,0.9,45,45
Venezuela,Russia,2006,,50,?,Kh-59ME Ovod,ASM,50,?,2008,New,For SU-30MK combat aircraft,1.1,55,55
Venezuela,Russia,1995,?,18,,Mi-17,transport helicopter,18,?,1996; 1997,Second hand,Second-hand (modernized in Poland before delivery),2.9,52.2,52.2
Venezuela,Russia,2005,,6,?,Mi-17,transport helicopter,6,,2006,New,Part of $120 m deal; Mi-17-1V armed version; Venezuelan designation Panare,7.25,43.5,43.5
Venezuela,Russia,2006,,14,?,Mi-17,transport helicopter,14,?,2008; 2009,New,Part of $200 m deal; Mi-17-1V armed version; Venezuelan designation Panare,7.25,101.5,101.5
Venezuela,Russia,2006,?,18,?,Mi-17,transport helicopter,18,?,2009; 2010,New,Part of $484 m deal; Mi-17-1V armed version; Venezuelan designation Panare,7.25,130.5,130.5
Venezuela,Russia,2005,,1,,Mi-26,transport helicopter,1,,2007,New,Part of $120 m deal; Mi-26T2 version; Venezuelan designation Pemon,28,28,28
Venezuela,Russia,2006,,2,,Mi-26,transport helicopter,2,,2007; 2008,New,$30 m deal (part of $200 m deal); Mi-26T2 version; Venezuelan designation Pemon,28,56,56
Venezuela,Russia,2005,,3,,Mi-35M,combat helicopter,3,,2006,New,Part of $120 m deal; Mi-35M2 version; Venezuelan designation Caribe,11.5,34.5,34.5
Venezuela,Russia,2005,,5,,Mi-35M,combat helicopter,5,,2006,New,$81 m deal; Mi-35M2 version; Venezuelan designation Caribe,11.5,57.5,57.5
Venezuela,Russia,2006,,2,,Mi-35M,combat helicopter,2,,2008,New,Mi-35M2 version; Venezuelan designation Caribe,11.5,23,23
Venezuela,Russia,2006,,50,?,R-27R/T,BVRAAM,50,?,2007; 2008,New,For Su-30MKV combat aircraft; incl R-27R; R-27T and R-27ER versions,0.19,9.5,9.5
Venezuela,Russia,2006,,100,?,R-73,SRAAM,100,?,2007; 2008,New,For Su-30MKV combat aircraft,0.15,15,15
Venezuela,Russia,2006,,50,?,R-77,BVRAAM,50,?,2007; 2008,New,For Su-30MKV combat aircraft,0.4,20,20
Venezuela,Russia,2008,?,11,?,S-125 Pechora-2M,SAM system,11,?,2011; 2012; 2013; 2014,New,Second-hand S-125 (SA-3) SAM systems rebuilt to Pechora-2M,30,330,330
Venezuela,Russia,2009,?,3,?,S-300VM/SA-23,SAM system,3,?,2013,New,S-300VMK/Antey-2500 version,60,180,180
Venezuela,Russia,2009,?,12,?,BM-9A52 Smerch,self-propelled MRL,12,?,2013,New,,1.2,14.4,14.4
Venezuela,Russia,2006,,24,,Su-30MK,FGA aircraft,24,,2006; 2007; 2008,New,$0.8-1.5 b deal; Su-30MKV (Su-30MK-2) version,55,1320,1320
Venezuela,Russia,2009,,92,,T-72M1,tank,92,,2011; 2012; 2013,Second hand but modernized,Second-hand T-72B1 version but modernized to T-72M1M before delivery,1.72,157.87,157.87
Venezuela,Russia,2008,,550,?,V-601,SAM,550,?,2011; 2012; 2013; 2014,Second hand but modernized,Second-hand but probably modernized before delivery,0.08,43.56,43.56
Venezuela,Spain,2005,,4,,BVL,OPV,4,,2009; 2010; 2011; 2020,New,Part of EUR1.2 b deal; Venezuelan designation Guaicamacuto; incl 1 produced under licence in Venezuela,30.5,122,122
Venezuela,Spain,1981,,4,,C-212,transport aircraft,4,,1981; 1982,New,C-212-200 version; incl for VIP transport and MP,3.8,15.2,15.2
Venezuela,Spain,1997,?,2,,C-212,transport aircraft,2,,1998,New,C-212-400 version,3.8,7.6,7.6
Venezuela,Spain,1984,?,4,,C-212MP,maritime patrol aircraft,4,,1986,New,C-212-200 version,6.25,25,25
Venezuela,Spain,2005,,4,,POVZEE,OPV,4,,2011; 2012,New,Part of EUR1.2 b deal,61.75,247,247
Venezuela,Sweden,1998,,4,,Giraffe-75,air search radar,4,?,2000; 2001,New,For use with RBS-70 SAMs,4,16,16
Venezuela,Sweden,1989,,200,?,RBS-70,portable SAM,200,?,1990; 1991,New,,0.08,16,16
Venezuela,Sweden,1999,,200,?,RBS-70,portable SAM,200,?,2000; 2001,New,Part of SEK375 m ($54 m) deal,0.08,16,16
Venezuela,Switzerland,1982,?,4,?,Fieldguard,fire control radar,4,?,1984,New,For use with LAR-160 MRL,2,8,8
Venezuela,United Kingdom,1968,?,2,,AWS-1,air search radar,2,,1975; 1976,New,For modernization of 2 Clemente frigates,3.76,7.52,7.52
Venezuela,United Kingdom,1978,?,2,,BN-2 Islander,light transport aircraft,2,,1979,New,BN-2A-9 version,0.6,1.2,1.2
Venezuela,United Kingdom,1952,,6,,Canberra B-2,bomber aircraft,6,,1953,New,,8.5,51,51
Venezuela,United Kingdom,1965,,2,,Canberra B-2,bomber aircraft,2,,1966; 1967,Second hand,Second-hand; Canberra PR-53 reconnaissance version,3.4,6.8,6.8
Venezuela,United Kingdom,1965,,10,,Canberra B-2,bomber aircraft,10,,1966,Second hand but modernized,Second-hand Canberra B-2 version modernized before delivery to Canberra B-52,5.61,56.1,56.1
Venezuela,United Kingdom,1957,,2,,Canberra B-2,bomber aircraft,2,?,1958,New,Canberra T-4 trainer version,8.5,17,17
Venezuela,United Kingdom,1971,,2,,Canberra B-2,bomber aircraft,2,,1971,Second hand but modernized,Second-hand Canberra B-2 version modernized before delivery to Canberra B(I)-52,5.61,11.22,11.22
Venezuela,United Kingdom,1957,,8,,Canberra B(I)-8,bomber aircraft,8,,1958,New,,9,72,72
Venezuela,United Kingdom,1972,,6,,Constitucion,FAC,6,,1974; 1975,New,3 Constitucion patrol craft and 3 Federacion FAC version,22.25,133.5,133.5
Venezuela,United Kingdom,1955,?,1,,Dove,light transport aircraft,1,,1955,New,Dove-2A version,0.55,0.55,0.55
Venezuela,United Kingdom,1950,,2,,Nueva Esparta,destroyer,2,,1953; 1954,New,GBP5 m deal,120,240,240
Venezuela,United Kingdom,1952,?,1,,Nueva Esparta,destroyer,1,,1956,New,,120,120,120
Venezuela,United Kingdom,1974,?,1,?,HS-748,transport aircraft,1,?,1975,New,,8.5,8.5,8.5
Venezuela,United Kingdom,1962,?,15,,Jet Provost,trainer aircraft,15,,1963,New,Jet Provost T-52 version,1.2,18,18
Venezuela,United Kingdom,1988,,84,?,Scorpion-90,light tank,84,?,1989; 1990; 1991,New,Part of $85 m deal,1,84,84
Venezuela,United Kingdom,1968,?,20,?,Seacat,SAM,20,?,1969,New,For modernized Nueva Esparta destroyer,0.04,0.8,0.8
Venezuela,United Kingdom,1974,,15,?,Shorland,APV,15,?,1974,New,For National Guard,0.1,1.5,1.5
Venezuela,United Kingdom,2005,?,2,,Shorts-360,transport aircraft,2,,2005,Second hand,Second-hand,1.8,3.6,3.6
Venezuela,United Kingdom,1988,,11,?,Spartan,APC,11,?,1989; 1990; 1991,New,Part of $85 m deal; incl 6 Sultan command post and 5 Samson ARV versions,0.25,2.75,2.75
Venezuela,United Kingdom,1950,,19,?,Vampire FB-5,fighter aircraft,19,?,1950,New,,3.2,60.8,60.8
Venezuela,United Kingdom,1955,,3,,Vampire T-55,trainer aircraft,3,?,1955,New,,2.25,6.75,6.75
Venezuela,United Kingdom,1955,,5,,Vampire T-55,trainer aircraft,5,,1958,Second hand,Second-hand,0.9,4.5,4.5
Venezuela,United Kingdom,1955,,22,,Venom,fighter aircraft,22,,1956,New,Venom FB-54 version,3.5,77,77
Venezuela,Ukraine,2008,,18,?,AI-25,turbofan,18,,2010,New,For 18 K-8 trainer aircraft from China,0.6,10.8,10.8
Venezuela,Ukraine,2014,?,9,?,AI-25,turbofan,9,?,2016,New,For 9 K-8 trainer aircraft from China,0.6,5.4,5.4
Venezuela,United States,1972,?,90,,AIM-9B Sidewinder,SRAAM,90,?,1972,New,For F-86K combat aircraft but not fitted and stored until used on Mirage-3; Mirage-5 and CF-5A combat aircraft,0.04,3.6,3.6
Venezuela,United States,1982,?,100,?,AIM-9J/P Sidewinder,SRAAM,100,?,1983; 1984; 1985,New,AIM-9P3 version; for F-16A combat aircraft,0.09,9,9
Venezuela,United States,1988,?,100,?,AIM-9L Sidewinder,SRAAM,100,?,1989; 1990; 1991,New,For F-16A combat aircraft,0.11,11,11
Venezuela,United States,1984,?,4,,APS-128,MP aircraft radar,4,,1986,New,For 4 C-212MP MP aircraft from Spain,2.5,10,10
Venezuela,United States,1990,,3,,AQS-13,ASW sonar,3,?,1991,New,For 3 AB-212ASW ASW helicopters from Italy,0.75,2.25,2.25
Venezuela,United States,1977,,6,,AQS-13,ASW sonar,6,?,1980; 1981,New,For 6 AB-212ASW ASW helicopters from Italy,0.75,4.5,4.5
Venezuela,United States,1949,?,1,,B-25 Mitchell,bomber aircraft,1,,1950,Second hand,Second-hand; aid; B-25J version,2,2,2
Venezuela,United States,1952,?,10,,B-25 Mitchell,bomber aircraft,10,,1952,Second hand,Second-hand; B-25J version,2,20,20
Venezuela,United States,1988,?,2,,Boeing-707,transport aircraft,2,,1991,Second hand,Second-hand; modified to tanker aircraft in Israel before delivery,17.8,35.6,35.6
Venezuela,United States,1960,,1,,Balao,submarine,1,,1960,Second hand,Second-hand; Venezuelan designation Carite,15.45,15.45,15.45
Venezuela,United States,1951,?,5,?,Beech-18/C-45,light transport aircraft,5,?,1953,Second hand,Probably second-hand,0.16,0.8,0.8
Venezuela,United States,1973,?,20,,Bell-206/OH-58,light helicopter,20,?,1974; 1975; 1976; 1977; 1978; 1979,New,For National Guard; Bell-206B version,0.7,14,14
Venezuela,United States,1991,?,3,,Bell-206/OH-58,light helicopter,3,,1991,Second hand,Second-hand; TH-57A version; for training,0.28,0.84,0.84
Venezuela,United States,1976,,1,?,Bell-206L LongRanger,light helicopter,1,?,1977,New,,0.95,0.95,0.95
Venezuela,United States,1980,?,1,,Bell-206L LongRanger,light helicopter,1,,1981,New,,0.95,0.95,0.95
Venezuela,United States,1981,,3,,Bell-214ST,helicopter,3,,1982,New,$13 m deal; for VIP transport,6,18,18
Venezuela,United States,1980,?,2,,Bell-412,helicopter,2,,1981,New,,5,10,10
Venezuela,United States,1997,,4,,Bell-412,helicopter,4,,1999,New,Incl for SAR; Bell-412EP version; from Canadian production line,5,20,20
Venezuela,United States,2001,?,3,?,Bell-412,helicopter,3,?,2003,New,Bell-412EP version; from Canadian production line,5,15,15
Venezuela,United States,1957,?,3,,Bell-47/OH-13,light helicopter,3,,1958; 1959,New,,0.24,0.72,0.72
Venezuela,United States,1962,?,3,,Bell-47/OH-13,light helicopter,3,,1963; 1964,New,,0.24,0.72,0.72
Venezuela,United States,1956,,18,,C-123B Provider,transport aircraft,18,,1957,New,,5.25,94.5,94.5
Venezuela,United States,1959,?,2,?,C-123B Provider,transport aircraft,2,?,1960,Second hand,Second-hand; no. could be up to 6,2.1,4.2,4.2
Venezuela,United States,1978,,1,,C-130H Hercules,transport aircraft,1,,1978,New,,28,28,28
Venezuela,United States,1970,,4,,C-130H Hercules,transport aircraft,4,,1971,New,,28,112,112
Venezuela,United States,1974,?,2,,C-130H Hercules,transport aircraft,2,,1975,New,,28,56,56
Venezuela,United States,1988,,1,,C-130H Hercules,transport aircraft,1,,1988,New,,28,28,28
Venezuela,United States,1958,?,5,,C-47 Skytrain,transport aircraft,5,,1960,Second hand,Second-hand,1,5,5
Venezuela,United States,1962,?,2,,C-47 Skytrain,transport aircraft,2,?,1963,Second hand,Second-hand,1,2,2
Venezuela,United States,1971,,12,,Cessna-180 Skywagon,light aircraft,12,,1971,New,Incl for training and VIP transport; Skylane version,0.18,2.16,2.16
Venezuela,United States,1969,,2,,Cessna-180 Skywagon,light aircraft,2,,1970,New,,0.18,0.36,0.36
Venezuela,United States,1980,?,3,,Cessna-310,light transport aircraft,3,,1981; 1982,New,,0.35,1.05,1.05
Venezuela,United States,1962,?,3,?,Cessna-310,light transport aircraft,3,?,1962; 1963,New,,0.35,1.05,1.05
Venezuela,United States,1981,?,1,,Cessna-411,light transport aircraft,1,,1982,New,Cessna-402C version,0.95,0.95,0.95
Venezuela,United States,1969,?,60,?,Commando V-100,APC,60,?,1969; 1970,New,Incl mortar carrier version; probably incl some V-150 version,0.16,9.6,9.6
Venezuela,United States,1956,?,3,?,DC-4/C-54,transport aircraft,3,?,1956,Second hand,Second-hand; 'MDAP' aid,2.5,7.5,7.5
Venezuela,United States,1987,?,76,?,Dragoon,APC,76,,1988,New,Incl CP and 81mm mortar carrier versions,0.3,22.8,22.8
Venezuela,United States,1987,,25,?,Dragoon-90,AFSV,25,?,1988,New,,0.75,18.75,18.75
Venezuela,United States,2014,,16,,Enstrom-480,light helicopter,16,?,2015,New,Probably $41 m deal; TH-480B version; for training,0.4,6.4,6.4
Venezuela,United States,1982,,24,,F-16A,FGA aircraft,24,,1983; 1985,New,$500 m 'Peace Delta' deal; F-16 Block-15 version; incl 6 F-16B trainer/combat version,20.65,495.6,495.6
Venezuela,United States,2001,,4,,F-28,light helicopter,4,,2002,New,F-280FX version; for National Guard; for training,0.25,1,1
Venezuela,United States,1954,?,22,,F-86 Sabre,fighter aircraft,22,?,1955; 1956,Second hand,Second-hand; $8 m deal; sold under US 'RMA' ('RAP') programme,1.4,30.8,30.8
Venezuela,United States,1985,?,3,,Falcon-20,light transport aircraft,3,,1985,Second hand,Second-hand; incl 2 Falcon-20DC version; for training,2.92,8.76,8.76
Venezuela,United States,1971,,2,,GUPPY-2,submarine,2,,1972; 1973,Second hand,Second-hand; Venezuelan designation Tiburon,18.6,37.2,37.2
Venezuela,United States,1998,,2,,HS-7,ASW sonar,2,,2002,New,For modernization of 2 Lupo (Sucre) frigates,5,10,10
Venezuela,United States,1960,?,7,?,HU-16B Albatross,maritime patrol aircraft,7,,1962; 1963,Second hand,Second-hand,1.6,11.2,11.2
Venezuela,United States,1981,?,6,,King Air,light transport aircraft,6,,1982; 1983,New,,2.85,17.1,17.1
Venezuela,United States,1970,?,4,?,King Air,light transport aircraft,4,?,1972,New,King Air-90 version,2.85,11.4,11.4
Venezuela,United States,1980,?,2,,LCU-390,landing craft,2,,1984,New,Venezuelan designation Margarita,10.3,20.6,20.6
Venezuela,United States,1976,,12,,LM-2500,gas turbine,12,,1980; 1981; 1982,New,For 6 Lupo (Sucre) frigates from Italy; from Italian production line,7,84,84
Venezuela,United States,1958,,4,,LSM,landing ship,4,,1958,Second hand,Second-hand; 'MAP' aid; Venezuelan designation Los Roques,6.4,25.6,25.6
Venezuela,United States,1962,,1,,LST-1,landing ship,1,,1962,Second hand,Second-hand; loan; Venezualan designation Quirinas,9.45,9.45,9.45
Venezuela,United States,1971,?,11,,LVTP-7,APC,11,,1973,New,Incl 1 CP and 1 ARV version,0.9,9.9,9.9
Venezuela,United States,1958,?,30,?,M-101A1 105mm,towed gun,30,?,1959; 1960; 1961,Second hand,Second-hand,0.18,5.4,5.4
Venezuela,United States,1963,?,18,,M-114 155mm,towed gun,18,,1963,Second hand,Second-hand,0.2,3.6,3.6
Venezuela,United States,1952,?,40,,M-18 Hellcat,tank destroyer,40,?,1952; 1953; 1954,Second hand,Second-hand,0.3,12,12
Venezuela,United States,1972,?,12,?,M-42 Duster,self-propelled AA gun,12,?,1973,Second hand,Second-hand; M-42A1 version,0.48,5.76,5.76
Venezuela,United States,1972,,22,?,M-42 Duster,self-propelled AA gun,22,?,1972,Second hand,Second-hand; M-42A1 version,0.48,10.56,10.56
Venezuela,United States,1961,?,12,,M-42 Duster,self-propelled AA gun,12,,1962,Second hand,Second-hand,0.48,5.76,5.76
Venezuela,United States,1961,?,15,,M-59,APC,15,,1961,Second hand,Second-hand; aid,0.09,1.32,1.32
Venezuela,United States,1952,?,25,?,M-8 Greyhound,armoured car,25,?,1952; 1953; 1954,Second hand,Second-hand,0.08,1.9,1.9
Venezuela,United States,1979,?,2,,Metro-2,transport aircraft,2,,1979,New,Merlin-4 version,2.5,5,5
Venezuela,United States,1996,,2,,Metro-3/C-26,transport aircraft,2,?,1996,Second hand,Second-hand; aid; C-26 version,1.12,2.24,2.24
Venezuela,United States,1966,?,25,?,Mk-44,ASW torpedo,25,?,1967,New,,0.15,3.75,3.75
Venezuela,United States,1961,?,1,,Navajo/ATF,tug,1,,1962,Second hand,Second-hand; loan until bought in 1978; Venezuelan designation Larrazabal,12,12,12
Venezuela,United States,1978,,2,,Navajo/ATF,tug,2,,1978,Second hand,Second-hand; Venezuelan designation Larrazabal,12,24,24
Venezuela,United States,1971,,16,,OV-10 Bronco,ground attack aircraft,16,,1973,New,$4.2 m deal; OV-10E version,4.5,72,72
Venezuela,United States,1991,,18,,OV-10 Bronco,ground attack aircraft,18,,1991,Second hand,Second-hand,1.8,32.4,32.4
Venezuela,United States,1960,,9,?,PC-461,patrol craft,9,?,1960; 1961,Second hand,Second-hand; 'MAP' aid (2 more delivered for spare parts); Venezuelan designation Mejillon,7.2,64.8,64.8
Venezuela,United States,1956,,1,,PC-461,patrol craft,1,,1956,Second hand,Second-hand; Venezuelan designation Gaviota,7.2,7.2,7.2
Venezuela,United States,1964,?,7,,Queen Air,light transport aircraft,7,?,1966; 1969; 1971,New,,0.6,4.2,4.2
Venezuela,United States,1958,?,2,,Queen Air,light transport aircraft,2,,1960,New,,0.6,1.2,1.2
Venezuela,United States,1972,,6,,S-2E Tracker,ASW aircraft,6,?,1974; 1975,Second hand,Second-hand; 1 more delivered for spare parts,3,18,18
Venezuela,United States,1981,?,2,,S-2E Tracker,ASW aircraft,2,,1982,Second hand,Second-hand,3,6,6
Venezuela,United States,1962,?,6,,S-55,helicopter,6,,1963,Second hand,Second-hand; UH-19B version; aid,0.48,2.88,2.88
Venezuela,United States,1955,?,4,,S-55,helicopter,4,,1956,New,Incl for VIP transport; H-19A version,1.2,4.8,4.8
Venezuela,United States,1994,,2,,Schweizer-330,light helicopter,2,,1994,New,,0.45,0.9,0.9
Venezuela,United States,1953,,6,,ship engine,ship engine,6,,1956,New,12000hp steam turbine; or 3 Clemente frigates from Italy,4,24,24
Venezuela,United States,1954,,6,,ship engine,ship engine,6,,1957,New,12000hp steam turbine; for 3 Clemente frigates from Italy,4,24,24
Venezuela,United States,1999,,2,,ship engine,ship engine,2,,2001,New,Caterpillar-3616 diesel engine; for 1 Ciudad Bolivar support ship from South Korea,2.5,5,5
Venezuela,United States,1972,,1,,Sumner,destroyer,1,,1972,Second hand,Second-hand; Venezuelan designation Carabobo,45.2,45.2,45.2
Venezuela,United States,1972,?,1,,Sumner FRAM-2,destroyer,1,,1973,Second hand,Second-hand; Venezuelan designation Carabobo,52,52,52
Venezuela,United States,1975,,12,,T-2D Buckeye,trainer aircraft,12,,1976; 1977,New,,2.5,30,30
Venezuela,United States,1971,,12,,T-2D Buckeye,trainer aircraft,12,,1973,New,,2.5,30,30
Venezuela,United States,1958,?,34,,T-34 Mentor,trainer aircraft,34,,1959,New,,0.19,6.46,6.46
Venezuela,United States,1973,,1,,Terrebonne Parish,landing ship,1,,1973,Second hand,Second-hand; loan until bought in 1977; Venezuelan designation Amazonas,14.81,14.81,14.81
Venezuela,United States,1984,?,1,?,TPS-43,air search radar,1,?,1985,New,,9,9,9
Venezuela,United States,1980,?,2,?,TPS-63,air search radar,2,?,1982,New,,5,10,10
Venezuela,United States,1965,?,4,,Bell-204B/UH-1B,helicopter,4,,1966,New,,2.1,8.4,8.4
Venezuela,United States,1968,?,8,?,Bell-205/UH-1D,helicopter,8,?,1971; 1972,Second hand,Second-hand; no. could be 12,0.88,7.04,7.04
Venezuela,United States,1970,?,10,?,Bell-205/UH-1H,helicopter,10,?,1970; 1972; 1975,New,,2.62,26.2,26.2
Venezuela,United States,1980,?,3,?,Bell-205/UH-1H,helicopter,3,?,1980; 1981,New,No. could be 5,2.62,7.86,7.86
Venezuela,United States,1976,?,6,,Bell-205/UH-1H,helicopter,6,,1977,New,,2.62,15.72,15.72
Venezuela,United States,1988,?,31,?,vehicle engine,vehicle engine,31,?,1989; 1990,New,6V-53T (280hp) diesel engine; for 31 modernized AMX-13 light tanks from France,0.03,0.93,0.93
Venezuela,United States,1982,?,25,?,vehicle engine,vehicle engine,25,?,1984,New,6V-53T (280hp) diesel engine; for modernization of 25 AMX-13 tank chassis used for LAR-160 MRL from Israel,0.03,0.75,0.75
Venezuela,United States,1983,,38,?,vehicle engine,vehicle engine,38,?,1984,New,Detroit Diesel 6V-53 diesel engine; for 38 EE-11 APC from Brazil,0.03,1.14,1.14
Venezuela,unknown supplier(s),2011,?,2,,F-28,light helicopter,2,,2011,Second hand,Second-hand; F-280FX version; for training,0.1,0.2,0.2
Viet Nam,Belarus,2008,?,5,?,S-125T Pechora-2T,SAM system,5,?,2014; 2015; 2016,New,Vietnamese S-125 (SA-3) rebuilt to S-125TM Pechora-2TM,30,150,150
Viet Nam,Belarus,2013,,20,?,Vostok-E,air search radar,20,?,2017; 2018; 2019; 2020; 2021; 2022; 2023,New,Assembled or produced under licence in Viet Nam as RV-02,7.5,150,150
Viet Nam,Canada,2021,,12,?,aircraft engine,aircraft engine,0,,,New,Pratt & Whitney Canada PT-6A-68 (1100hp) turboprop; for 3 PC-9 (T-6) trainer aircraft from USA,0.5,6,0
Viet Nam,Canada,2014,,6,,aircraft engine,aircraft engine,6,,2014; 2015,New,Pratt & Whitney Canada PW-127G (2650hp) turboprop for 3 C-295 transport aircraft from Spain,0.75,4.5,4.5
Viet Nam,Canada,2010,,3,,DHC-6 Twin Otter,transport aircraft,3,?,2012; 2013,New,DHC-6-400 version,2.5,7.5,7.5
Viet Nam,Canada,2010,,3,,DHC-6,maritime patrol aircraft,3,,2014,New,DHC-6-400 Guardian-400 version,4.5,13.5,13.5
Viet Nam,China,1964,?,60,?,BTR-152,APC,60,?,1964; 1965,Second hand,Probably Second-hand,0.05,3.12,3.12
Viet Nam,China,1970,?,17,?,CJ-6,trainer aircraft,17,?,1971; 1972,New,Aid; BT-6 version,0.19,3.23,3.23
Viet Nam,China,1965,?,30,?,Cross Slot,air search radar,30,?,1965; 1966; 1967,New,,1.19,35.7,35.7
Viet Nam,China,1970,?,100,?,D-74 122mm,towed gun,100,?,1971,New,Type-60 version,0.4,40,40
Viet Nam,China,1969,?,30,?,F-6,fighter aircraft,30,?,1970; 1971; 1972,New,,5,150,150
Viet Nam,China,1965,?,12,,Il-28,bomber aircraft,12,,1965,Second hand,Second-hand; incl 2 Il-28U trainer and 2 Il-28R reconnaissance version,2.88,34.56,34.56
Viet Nam,China,1963,?,10,,MiG-15,fighter aircraft,10,?,1964; 1965,Second hand,Second-hand,1.28,12.8,12.8
Viet Nam,China,1968,?,20,?,MiG-17,fighter aircraft,20,?,1970; 1971; 1972,Second hand,Second-hand,1.4,28,28
Viet Nam,China,1963,?,5,?,MiG-17,fighter aircraft,5,?,1964; 1965,New,Possibly second-hand,3.5,17.5,17.5
Viet Nam,China,1956,?,3,,Project-183,FAC,3,,1957,New,,10,30,30
Viet Nam,China,1963,?,3,,Project-183,FAC,3,,1964,New,Possibly Second-hand,10,30,30
Viet Nam,China,1968,?,30,?,Slot Rest,air search radar,30,?,1968; 1969; 1970,New,,7.15,214.5,214.5
Viet Nam,China,1963,?,8,?,Type-062,patrol craft,8,?,1966; 1968,New,,9,72,72
Viet Nam,China,1970,?,350,?,Type-59,tank,350,?,1970; 1971; 1972,New,Incl for use in war in South Vietnam,0.9,315,315
Viet Nam,China,1970,?,100,?,Type-60,light tank,100,?,1971; 1972,New,,0.9,90,90
Viet Nam,China,1968,?,250,?,Type-62,light tank,250,?,1968; 1969; 1970; 1971; 1972,New,Possibly second-hand; possibly aid,1,250,250
Viet Nam,China,1965,?,400,?,Type-63 107mm,towed MRL,400,?,1965; 1966; 1967; 1968,New,,0.05,20,20
Viet Nam,China,1969,?,150,?,Type-63,light tank,150,?,1970; 1971; 1972,New,,1,150,150
Viet Nam,China,1973,?,1,,Wusung,minesweeper,1,?,1974,Second hand,Second-hand,4.4,4.4,4.4
Viet Nam,China,1970,?,100,?,YW-531,APC,100,?,1971; 1972,New,,0.3,30,30
Viet Nam,Czechoslovakia,1969,?,12,,L-29 Delfin,trainer aircraft,12,?,1970; 1971,New,,1,12,12
Viet Nam,Czechoslovakia,1984,?,4,,L-29 Delfin,trainer aircraft,4,,1984,Second hand,Second-hand,0.4,1.6,1.6
Viet Nam,Czechoslovakia,1980,?,24,?,L-39C Albatros,trainer aircraft,24,,1980; 1981,New,,3.5,84,84
Viet Nam,Czechoslovakia,1965,?,25,,M53 30mm,AA gun,25,?,1966,New,,0.6,15,15
Viet Nam,Czechoslovakia,1960,?,10,?,Z-226,trainer aircraft,10,?,1961,New,,0.1,1,1
Viet Nam,Czechia,2021,,12,,L-39NG,trainer/combat aircraft,0,,,New,Delivery planned 2024,6.9,82.8,0
Viet Nam,Czechia,2003,?,10,,L-39Z Albatros,trainer/combat aircraft,10,?,2003,Second hand,Second-hand; $6 m deal,2,20,20
Viet Nam,Czechia,2004,?,5,?,Su-22,FGA aircraft,5,?,2005,Second hand,Second-hand but modernized in Ukraine (for anti-ship operations) before delivery,5.2,26,26
Viet Nam,Czechia,2011,?,4,,VERA-E,air search system,4,?,2014; 2015; 2016,New,,12,48,48
Viet Nam,France,2009,?,2,,H725 Caracal,transport helicopter,2,,2011,New,EC-225LP version; for SAR,8,16,16
Viet Nam,Germany,1996,?,2,?,ship engine,ship engine,2,,2001,New,16V4000 M-90 (9600hp) diesel engine; for 2 BPS-500 FAC from Russia,3,6,6
Viet Nam,East Germany (GDR),1975,?,8,,An-24,transport aircraft,8,?,1976; 1977,Second hand,Second-hand,3,24,24
Viet Nam,Hungary,1968,?,40,?,MiG-17,fighter aircraft,40,?,1968; 1969,Second hand,Second-hand,1.4,56,56
Viet Nam,India,2023,,1,,Khukri,corvette,1,,2023,Second hand,Second-hand; aid,30,30,30
Viet Nam,Indonesia,2010,?,2,,C-212,transport aircraft,2,,2018,New,NC-212I version,3.8,7.6,7.6
Viet Nam,Israel,2010,?,100,?,AccuLAR,guided rocket,100,?,2014; 2015; 2016,New,,0.06,6,6
Viet Nam,Israel,2015,?,375,?,Derby,BVRAAM,375,?,2016; 2017; 2018,New,For SPYDER-MR SAM systems,0.4,150,150
Viet Nam,Israel,2010,?,100,,EXTRA,guided rocket/SSM,100,?,2014; 2015; 2016,New,For coastal defence,0.15,15,15
Viet Nam,Israel,2018,,3,,Heron,UAV,3,?,2021,New,$120-160 m deal; incl for maritime patrol; delivery delayed from 2020 to 2021 due to the COVID-19 pandemic,3,9,9
Viet Nam,Israel,2012,?,3,,EL/M-2022,MP aircraft radar,3,,2014,New,For 3 DHC-6 MP aircraft from Canada (aircraft produced in Canada and modified to MP version in USA with systems from Israel),2.5,7.5,7.5
Viet Nam,Israel,2012,,2,?,EL/M-2288 AD-STAR,air search radar,2,?,2013,New,Probably $33 m deal,13,26,26
Viet Nam,Israel,2015,?,375,?,Python-5,BVRAAM,375,?,2016; 2017; 2018,New,For SPYDER-MR SAM systems,0.25,93.75,93.75
Viet Nam,Israel,2006,?,150,?,RAM,APV,150,?,2006; 2007; 2008; 2009,New,For police; RAM-2000 version,0.12,18,18
Viet Nam,Israel,2015,?,5,?,SPYDER-MR,SAM system,5,?,2016; 2017; 2018,New,,45,225,225
Viet Nam,North Korea,1997,?,25,?,Hwasong-6,SSM,25,?,1998,New,Status uncertain,1.25,31.25,31.25
Viet Nam,North Korea,1996,?,100,?,Igla-1,portable SAM,100,?,1996; 1997,New,,0.07,7,7
Viet Nam,South Korea,2016,,1,,Po Hang,corvette,1,,2017,Second hand,Second-hand; part of armament removed before delivery,60,60,60
Viet Nam,South Korea,2017,?,1,,Po Hang,corvette,1,,2018,Second hand,Second-hand; aid,60,60,60
Viet Nam,Netherlands,2017,?,1,,RGS-9316,support ship,1,,2021,New,'MSSARS-9316' project; submarine rescue ship; produced under licence in Viet Nam,30,30,30
Viet Nam,Netherlands,2019,,1,,Stan Lander-5612,landing ship,1,,2021,New,Produced under licence in Viet Nam,14,14,14
Viet Nam,Netherlands,2018,?,3,,Stan Lander-5612,landing ship,3,,2021,New,Originally produced for Venezuela but delivery cancelled and taken over by Viet Nam; produced under licence in Viet Nam,14,42,42
Viet Nam,Poland,1999,,4,,An-2,light transport aircraft,4,,2002,New,An-2TD version,1,4,4
Viet Nam,Poland,2003,,2,,M28B Bryza-1R,maritime patrol aircraft,2,,2005,New,For coast guard; delivered without MP system (still to be ordered); option on 8 more,7.5,15,15
Viet Nam,Romania,1997,?,12,,Yak-52,trainer aircraft,12,?,1997,New,,0.2,2.4,2.4
Viet Nam,Romania,2008,,10,,Yak-52,trainer aircraft,10,?,2009; 2010; 2011,New,,0.2,2,2
Viet Nam,Russia,2009,?,25,?,3M-14E Club,SSM,25,?,2013; 2014; 2015; 2016,New,For Project-636 (Kilo) submarines,1.4,35,35
Viet Nam,Russia,2009,?,25,?,3M-54E Club,anti-ship/land-attack missile,25,?,2013; 2014; 2015; 2016,New,For Project-636 (Kilo) submarines,1.4,35,35
Viet Nam,Russia,2003,,75,?,48N6,SAM,75,?,2005; 2006,New,Part of $200-380 m deal,1.1,82.5,82.5
Viet Nam,Russia,2009,?,80,?,53-65,anti-ship torpedo,80,?,2013; 2014; 2015; 2016,New,For Project-636 (Kilo) submarines,1.1,88,88
Viet Nam,Russia,2006,?,200,?,9M311 Treugolnik,SAM,200,?,2011,New,For Kashtan CIWS on 2 Gepard frigates,0.12,24,24
Viet Nam,Russia,2007,,2,?,K-300P Bastion-P,coastal defence system,2,?,2009; 2011,New,Part of $300 m deal,15,30,30
Viet Nam,Russia,1996,,1,,BPS-500/Type-1241A,FAC,1,,2001,New,Assembled from kit in Viet Nam; Vietnamese designation Ho-A,69,69,69
Viet Nam,Russia,2012,?,4,,FC-54,patrol craft,4,,2012; 2014,New,Vietnamese designation TT400TP,29.4,117.6,117.6
Viet Nam,Russia,2012,,2,,Gepard-3,frigate,2,,2017; 2018,New,Gepard-3.9 version,175,350,350
Viet Nam,Russia,2006,,2,,Gepard-3,frigate,2,,2011,New,Part of $300 m deal; Vietnamese designation Dinh Tien Hoang,175,350,350
Viet Nam,Russia,2001,,50,?,Igla,portable SAM,50,?,2002,New,,0.08,4,4
Viet Nam,Russia,1996,?,400,?,Igla-1,portable SAM,400,?,1999; 2000; 2001; 2002; 2003; 2004; 2005; 2006; 2007; 2008; 2009; 2010; 2011; 2012; 2013; 2014,New,SA-N-10 version for BPS-500 (Ho-A) and Project-10412 (Svetlyak) patrol craft and probably Project-1241 (Tarantul) FAC,0.07,28,28
Viet Nam,Russia,2009,?,200,?,KAB-500/1500,guided bomb,200,?,2011; 2012,New,,0.02,4,4
Viet Nam,Russia,2004,?,100,?,Kh-29,ASM,100,?,2004,New,,0.2,20,20
Viet Nam,Russia,2004,?,20,?,Kh-31A1,anti-ship/anti-radar missile,20,?,2004,New,For Su-30 combat aircraft,0.9,18,18
Viet Nam,Russia,2009,?,80,?,Kh-31A1,anti-ship/anti-radar missile,80,?,2011; 2012,New,For Su-30MK2 combat aircraft; incl Kh-31P anti-radar version,0.9,72,72
Viet Nam,Russia,1996,?,20,?,Kh-35,anti-ship missile,20,?,2001,New,For BPS-500 (Ho-A) FAC,1,20,20
Viet Nam,Russia,2004,,250,?,Kh-35,anti-ship missile,250,?,2008; 2009; 2010; 2014; 2015; 2016,New,For Project-1241 (Tarantul) FAC,1,250,250
Viet Nam,Russia,2011,?,0,,Kh-35,anti-ship missile,50,?,2019; 2020; 2021; 2022; 2023,New,Incl for Pohang frigate and probably coastal defence systems; probably assembled or produced under licence in Viet Nam as KCT-15 and/or VCM-01,1,0,50
Viet Nam,Russia,2012,?,30,?,Kh-35,anti-ship missile,30,?,2017; 2018,New,For Gepard frigates,1,30,30
Viet Nam,Russia,2006,?,30,?,Kh-35,anti-ship missile,30,?,2011,New,For Gepard frigates,1,30,30
Viet Nam,Russia,2002,,4,,Mi-17,transport helicopter,4,,2004,New,Mi-17 version,7.25,29,29
Viet Nam,Russia,1994,?,20,?,P-15M,anti-ship missile,20,?,1996,New,For Tarantul-1 FAC,0.75,15,15
Viet Nam,Russia,1998,?,20,?,P-15M,anti-ship missile,20,?,1999,New,For Tarantul-2 FAC,0.75,15,15
Viet Nam,Russia,1994,,2,,Project-1241,FAC,2,,1996,New,Vietnamese designation HQ-371,63.5,127,127
Viet Nam,Russia,1998,?,2,,Project-1241,FAC,2,,1999,New,,63.5,127,127
Viet Nam,Russia,2004,?,8,?,Project-1241,FAC,8,,2008; 2014; 2015; 2016,New,Project-12418 (Tarantul-5) version; incl 6 produced under licence in Viet Nam,63.5,508,508
Viet Nam,Russia,2009,,6,,Project-636E,submarine,6,,2013; 2014; 2015; 2016; 2017,New,$1.8-2.1 b deal; Project-636M version; Vietnamese designation Ha Noi,260,1560,1560
Viet Nam,Russia,2013,?,100,?,R-27R/T,BVRAAM,100,?,2014; 2015; 2016,New,For Su-30 combat aircraft,0.19,19,19
Viet Nam,Russia,2009,?,150,?,R-27R/T,BVRAAM,150,?,2010; 2011; 2012,New,For Su-30 combat aircraft,0.19,28.5,28.5
Viet Nam,Russia,2003,?,30,?,R-27R/T,BVRAAM,30,?,2004,New,For Su-30 combat aircraft,0.19,5.7,5.7
Viet Nam,Russia,1994,?,100,?,R-73,SRAAM,100,?,1995; 1996; 1997; 1998,New,For Su-27 combat aircraft,0.15,15,15
Viet Nam,Russia,2003,?,30,?,R-73,SRAAM,30,?,2004,New,For Su-30 combat aircraft,0.15,4.5,4.5
Viet Nam,Russia,2009,?,150,?,R-73,SRAAM,150,?,2010; 2011; 2012,New,For Su-30 combat aircraft,0.15,22.5,22.5
Viet Nam,Russia,2013,?,100,,R-73,SRAAM,100,?,2014; 2015; 2016,New,For Su-30 combat aircraft,0.15,15,15
Viet Nam,Russia,2003,,2,,S-300PMU1,SAM system,2,,2005,New,Part of $200-380 m deal,47,94,94
Viet Nam,Russia,1994,,4,,ST-68,air search radar,4,?,1995; 1996; 1997,New,Designation uncertain,12.5,50,50
Viet Nam,Russia,1994,?,80,?,Strela-2,portable SAM,80,?,1996; 1997; 1998; 1999,New,SA-N-5 version for 4 Tarantul-1 FAC; designation uncertain (could be Igla-1 (SA-16/SA-N-10)),0.04,3.2,3.2
Viet Nam,Russia,1994,?,6,,Su-27S,FGA aircraft,6,,1995,New,$200 m deal; incl 1 Su-27UBK trainer/combat version,42.5,255,255
Viet Nam,Russia,1996,?,6,,Su-27S,FGA aircraft,6,,1997; 1998,New,Incl 4 Su-27UBK trainer/combat version,42.5,255,255
Viet Nam,Russia,2003,?,4,,Su-30MK,FGA aircraft,4,,2004,New,$100-120 m deal; Su-30MK2V version,55,220,220
Viet Nam,Russia,2009,,8,,Su-30MK,FGA aircraft,8,,2010; 2011,New,$400-500 m deal; Su-30MK2V version,55,440,440
Viet Nam,Russia,2010,,12,,Su-30MK,FGA aircraft,12,,2011; 2012,New,$1 b deal; Su-30MK2V version,55,660,660
Viet Nam,Russia,2013,,12,,Su-30MK,FGA aircraft,12,,2014; 2015; 2016,New,$450-600 m deal; Su-30MK2V version,55,660,660
Viet Nam,Russia,2001,,2,,Project-10412/Svetlyak,patrol craft,2,,2002,New,,24,48,48
Viet Nam,Russia,2007,,4,,Project-10412/Svetlyak,patrol craft,4,,2011; 2012,New,,24,96,96
Viet Nam,Russia,2007,?,2,,Project-10412/Svetlyak,patrol craft,2,,2012,New,,24,48,48
Viet Nam,Russia,2017,,64,,T-90S,tank,64,?,2018; 2019,New,Incl T-90SK version,4,256,256
Viet Nam,Russia,2012,?,30,?,TEST-71,anti-ship/ASW torpedo,30,?,2017; 2018,New,For Gepard frigates; designation uncertain (reported as '533mm ASW torpedo') but probably TEST-3 version,1,30,30
Viet Nam,Russia,2009,?,80,?,TEST-71,anti-ship/ASW torpedo,80,?,2013; 2014; 2015; 2016,New,For Project-636 (Kilo) submarines,1,80,80
Viet Nam,Russia,2019,,12,,Yak-130,trainer/combat aircraft,12,,2021; 2022,New,$350 m deal,10.5,126,126
Viet Nam,Russia,2007,,40,?,Yakhont,anti-ship missile,40,?,2009; 2010; 2011,New,Part of $300 m deal; for Bastion coastal defence system,1.3,52,52
Viet Nam,Slovakia,2013,?,2,?,P-12,air search radar,2,?,2014,Second hand,Second-hand,1.8,3.6,3.6
Viet Nam,Slovakia,2013,?,4,?,P-15,air search radar,4,?,2014; 2016,Second hand,Second-hand; possibly modernized before delivery,1.8,7.2,7.2
Viet Nam,Spain,2014,,3,,C-295,transport aircraft,3,,2014; 2015,New,,12.5,37.5,37.5
Viet Nam,Ukraine,2006,?,4,,DT-59,gas turbine,4,,2011,New,For 2 Gepard frigates from Russia,5,20,20
Viet Nam,Ukraine,2012,?,4,,DT-59,gas turbine,4,,2017; 2018,New,For 2 Gepard frigates from Russia,5,20,20
Viet Nam,Ukraine,2009,?,4,,Kolchuga,air search system,4,?,2012; 2013,New,$54 m deal,9,36,36
Viet Nam,Ukraine,1995,?,6,?,MiG-21PFM,fighter aircraft,6,,1996,Second hand,Second-hand; MiG-21UM version,4,24,24
Viet Nam,Ukraine,1994,?,150,?,R-27R/T,BVRAAM,150,?,1995; 1996; 1997; 1998; 1999; 2000,New,For Su-27SK combat aircraft; may incl other R-27 versions,0.19,28.5,28.5
Viet Nam,Ukraine,1994,,4,,ship engine,ship engine,4,,1996,New,DR-76 (2500hp) gas turbine; for 2 Project-1241 (Tarantul) FAC from Russia,0.25,1,1
Viet Nam,Ukraine,1998,?,4,,ship engine,ship engine,4,,1999,New,DR-76 (2500hp) gas turbine; for 2 Project-1241 (Tarantul) FAC from Russia,0.25,1,1
Viet Nam,Ukraine,2004,?,16,?,ship engine,ship engine,16,,2008; 2014; 2015; 2016,New,DR-76 (2500hp) gas turbine; for 8 Project-1241 (Tarantul) FAC from Russia,0.25,4,4
Viet Nam,Ukraine,2004,?,16,?,ship engine,ship engine,16,?,2008; 2014; 2015; 2016,New,DR-77 (8000hp) gas turbine; for 8 Project-1241 (Tarantul) FAC from Russia,2.5,40,40
Viet Nam,Ukraine,1994,,4,,ship engine,ship engine,4,,1996,New,DR-77 (8008hp) gas turbine; for 2 Project-1241 (Tarantul) FAC from Russia,3,12,12
Viet Nam,Ukraine,1998,?,4,,ship engine,ship engine,4,,1999,New,DR-77 (8008hp) gas turbine; for 2 Project-1241 (Tarantul) FAC from Russia,3,12,12
Viet Nam,Ukraine,2012,?,2,?,ST-68,air search radar,2,?,2014,New,,12.5,25,25
Viet Nam,Ukraine,2004,?,8,?,Su-22,FGA aircraft,8,?,2005; 2006,Second hand,Second-hand,5.2,41.6,41.6
Viet Nam,United States,2021,,12,?,FJ44-4,turbofan,0,,,New,For 12 L-39NG trainer/combat aircraft from Czechia,0.6,7.2,0
Viet Nam,United States,2016,,1,,Hamilton,OPV,1,,2017,Second hand,Second-hand; for coast guard; aid,54,54,54
Viet Nam,United States,2019,,1,,Hamilton,OPV,1,,2021,Second hand,Second-hand; for coast guard; aid,54,54,54
Viet Nam,United States,2022,?,1,,Hamilton,OPV,0,,,Second hand,Second-hand; aid,54,54,0
Viet Nam,United States,2021,?,12,,PC-9,trainer aircraft,0,,,New,T-6C version; delivery planned 2024-2027,1.65,19.8,0
Viet Nam,United States,2019,,6,,ScanEagle,UAV,6,?,2022,New,'Maritime Security Initiative' aid; for coast guard,0.04,0.24,0.24
Viet Nam,Soviet Union,1987,?,30,?,2S3 152mm,self-propelled gun,30,?,1988; 1989,New,,1,30,30
Viet Nam,Soviet Union,1979,?,600,?,3M9,SAM,600,?,1979; 1980,New,,0.12,72,72
Viet Nam,Soviet Union,1985,?,500,?,9M37,SAM,500,?,1985; 1986,New,,0.06,30,30
Viet Nam,Soviet Union,1980,?,4,?,9P117 Uragan,SSM launcher,4,?,1981,New,,1,4,4
Viet Nam,Soviet Union,1963,?,400,?,A-19 122mm,towed gun,400,?,1964; 1965; 1966; 1967,Second hand,Second-hand,0.16,64,64
Viet Nam,Soviet Union,1980,?,24,,AI-25,turbofan,24,,1980; 1981,New,For 24 L-39C trainer aircraft from Czechoslovakia; Titan (AI-25TL) version produced in Czechoslovakia,0.6,14.4,14.4
Viet Nam,Soviet Union,1979,?,12,?,An-12,transport aircraft,12,?,1979,Second hand,Second-hand,9.2,110.4,110.4
Viet Nam,Soviet Union,1969,?,12,,An-2,light transport aircraft,12,,1970,New,Possibly second-hand,1,12,12
Viet Nam,Soviet Union,1960,?,8,?,An-2,light transport aircraft,8,?,1961; 1962,New,,1,8,8
Viet Nam,Soviet Union,1966,?,1,?,An-24,transport aircraft,1,?,1966,New,,7.5,7.5,7.5
Viet Nam,Soviet Union,1979,,50,?,An-26,transport aircraft,50,?,1981; 1982; 1983; 1984,New,,8.5,425,425
Viet Nam,Soviet Union,1980,?,2,?,An-30,reconnaissance aircraft,2,?,1980,New,,7.5,15,15
Viet Nam,Soviet Union,1970,?,25,?,ASU-57,tank destroyer,25,?,1970,Second hand,Probably second-hand,0.06,1.6,1.6
Viet Nam,Soviet Union,1981,?,6,?,Be-12,ASW aircraft,6,?,1982; 1983,Second hand,Second-hand,7,42,42
Viet Nam,Soviet Union,1964,?,100,?,BM-14 140mm,self-propelled MRL,100,?,1965; 1966,Second hand,Second-hand,0.1,10,10
Viet Nam,Soviet Union,1968,?,300,?,BM-21 Grad 122mm,self-propelled MRL,300,?,1969; 1970; 1971,New,Probably aid,0.6,180,180
Viet Nam,Soviet Union,1973,?,100,?,BM-21 Grad 122mm,self-propelled MRL,100,?,1974; 1975,New,Probably aid,0.6,60,60
Viet Nam,Soviet Union,1971,?,20,,BM-25 250mm,self-propelled MRL,20,?,1971; 1972,Second hand,Second-hand; aid,0.2,4,4
Viet Nam,Soviet Union,1979,?,150,?,BMP-1,IFV,150,?,1979; 1980; 1981,New,,0.9,135,135
Viet Nam,Soviet Union,1982,?,150,?,BMP-2,IFV,150,?,1982; 1983; 1984,New,,0.9,135,135
Viet Nam,Soviet Union,1963,?,50,?,BRDM-1,reconnaissance AV,50,?,1963; 1964; 1965; 1966,New,,0.12,6,6
Viet Nam,Soviet Union,1969,?,50,?,BRDM-2,reconnaissance AV,50,?,1970; 1971; 1972,New,,0.15,7.5,7.5
Viet Nam,Soviet Union,1960,?,250,?,BS-3 100mm,towed gun,250,?,1960; 1961,Second hand,Second-hand,0.14,35,35
Viet Nam,Soviet Union,1961,?,100,?,BTR-152,APC,100,?,1961; 1962; 1963; 1964,Second hand,Probably second-hand,0.05,5.2,5.2
Viet Nam,Soviet Union,1963,?,100,?,BTR-40,APC,100,?,1963; 1964; 1965; 1966,Second hand,Second-hand,0.05,4.8,4.8
Viet Nam,Soviet Union,1968,?,400,?,BTR-50,APC,400,?,1968; 1969; 1970; 1971; 1972; 1973,New,Possibly (incl) second-hand; aid,0.25,100,100
Viet Nam,Soviet Union,1978,?,500,?,BTR-60PB,APC,500,?,1978; 1979; 1980,Second hand,Probably Second-hand,0.1,50,50
Viet Nam,Soviet Union,1972,?,50,?,D-1 152mm,towed gun,50,?,1972,Second hand,Second-hand,0.2,10,10
Viet Nam,Soviet Union,1965,?,500,?,D-20 152mm,towed gun,500,?,1966; 1967; 1968; 1969; 1970,New,,0.5,250,250
Viet Nam,Soviet Union,1974,?,50,?,D-30 122mm,towed gun,50,?,1974,New,,0.35,17.5,17.5
Viet Nam,Soviet Union,1970,?,200,?,D-74 122mm,towed gun,200,?,1970; 1971,Second hand,Probably Second-hand,0.16,32,32
Viet Nam,Soviet Union,1982,?,1500,?,Fagot,anti-tank missile,1500,?,1982; 1983; 1984,New,For BMP-2 IFV,0.01,15,15
Viet Nam,Soviet Union,1954,,6,,Il-12,transport aircraft,6,,1955; 1956,New,Possibly second-hand,3,18,18
Viet Nam,Soviet Union,1956,?,12,,Il-14,transport aircraft,12,?,1957; 1958,New,,4,48,48
Viet Nam,Soviet Union,1967,?,5,?,Il-28,bomber aircraft,5,?,1968,Second hand,Second-hand,2.88,14.4,14.4
Viet Nam,Soviet Union,1966,?,8,,Il-28,bomber aircraft,8,?,1967,Second hand,Second-hand,2.88,23.04,23.04
Viet Nam,Soviet Union,1969,?,50,?,ISU-122 122mm,self-propelled gun,50,?,1970,Second hand,Second-hand,0.26,13,13
Viet Nam,Soviet Union,1965,,1000,?,K-13A,SRAAM,1000,?,1966; 1967; 1968; 1969; 1970; 1971; 1972,New,For MiG-21 combat aircraft; aid,0.04,40,40
Viet Nam,Soviet Union,1979,?,750,?,K-13M,SRAAM,750,?,1979; 1980; 1981,New,For MiG-21MF combat aircraft,0.07,52.5,52.5
Viet Nam,Soviet Union,1978,?,800,?,K-13R,SRAAM,800,?,1979; 1980; 1981; 1982; 1983; 1984,New,For MiG-21bis and Su-22 combat aircraft,0.04,32,32
Viet Nam,Soviet Union,1979,,15,?,Ka-25BSh,ASW helicopter,15,?,1979; 1980; 1981,New,,10,150,150
Viet Nam,Soviet Union,1984,?,2,,Ka-25BSh,ASW helicopter,2,?,1984,New,,10,20,20
Viet Nam,Soviet Union,1988,?,8,?,Ka-27PL,ASW helicopter,8,?,1989; 1990,New,Ka-28PL version; no. could be 10,17,136,136
Viet Nam,Soviet Union,1980,,400,?,Kh-23 Grom,ASM,400,?,1981; 1982; 1983; 1984,New,For Su-22 combat aircraft,0.1,40,40
Viet Nam,Soviet Union,1980,?,400,?,Kh-25M,anti-radar missile/ASM,400,?,1981; 1982; 1983; 1984,New,For Su-22 combat aircraft,0.18,72,72
Viet Nam,Soviet Union,1986,?,50,?,Kh-25M,anti-radar missile/ASM,50,?,1987; 1988,New,Kh-25MP ARM version,0.18,9,9
Viet Nam,Soviet Union,1982,?,100,?,Kh-28,anti-radar missile,100,?,1983; 1984,New,For Su-22 combat aircraft,0.3,30,30
Viet Nam,Soviet Union,1965,?,50,?,KS-30 130mm,AA gun,50,?,1966; 1967,Second hand,Second-hand,0.26,13,13
Viet Nam,Soviet Union,1979,?,10,?,Kvadrat,SAM system,10,?,1979; 1980,New,,17.5,175,175
Viet Nam,Soviet Union,1953,?,20,,Li-2T,transport aircraft,20,,1954; 1955,Second hand,Probably second-hand,1,20,20
Viet Nam,Soviet Union,1965,?,50,?,M-1943 160mm,mortar,50,?,1965; 1966; 1967; 1968; 1969,Second hand,Probably second-hand,0.14,7,7
Viet Nam,Soviet Union,1963,?,450,?,M-30 122mm,towed gun,450,?,1964; 1965; 1966; 1967; 1968; 1969,Second hand,Second-hand; possibly incl some from China,0.18,81,81
Viet Nam,Soviet Union,1967,?,519,?,M-46 130mm,towed gun,519,?,1968; 1969; 1970; 1971; 1972; 1973,Second hand,Second-hand,0.26,134.94,134.94
Viet Nam,Soviet Union,1970,?,2500,?,Malyutka,anti-tank missile,2500,?,1970; 1971; 1972; 1973; 1974,New,Probably aid (for use by North Vietnamese forces operating against South Vietnam),0.01,25,25
Viet Nam,Soviet Union,1979,?,1500,?,Malyutka,anti-tank missile,1500,?,1979; 1980; 1981,New,For BMP-1 IFV,0.01,15,15
Viet Nam,Soviet Union,1957,?,10,?,Mi-1,light helicopter,10,?,1958; 1959,New,Possibly second-hand,0.3,3,3
Viet Nam,Soviet Union,1979,?,10,?,Mi-24A,combat helicopter,10,?,1980,Second hand,Probably second-hand,2.65,26.48,26.48
Viet Nam,Soviet Union,1981,?,30,?,Mi-24D/Mi-25,combat helicopter,30,?,1982; 1983; 1984,New,,8.25,247.5,247.5
Viet Nam,Soviet Union,1963,?,15,,Mi-4A,helicopter,15,?,1964; 1965,New,Possibly second-hand,1.88,28.2,28.2
Viet Nam,Soviet Union,1969,?,4,?,Mi-6T,transport helicopter,4,?,1970,New,,18,72,72
Viet Nam,Soviet Union,1966,?,6,,Mi-6T,transport helicopter,6,,1966,New,,18,108,108
Viet Nam,Soviet Union,1969,?,30,?,Mi-8T,transport helicopter,30,?,1970; 1971; 1972; 1973; 1974; 1975,New,,6,180,180
Viet Nam,Soviet Union,1974,?,30,?,Mi-8T,transport helicopter,30,?,1975; 1976; 1977; 1978; 1979; 1980,New,,6,180,180
Viet Nam,Soviet Union,1963,?,50,?,MiG-15,fighter aircraft,50,?,1964; 1965; 1966; 1967,Second hand,Second-hand,1.28,64,64
Viet Nam,Soviet Union,1963,?,70,?,MiG-17,fighter aircraft,70,?,1963; 1964; 1965; 1966; 1967,Second hand,Second-hand,1.4,98,98
Viet Nam,Soviet Union,1966,?,30,?,MiG-19PM,fighter aircraft,30,?,1967; 1973,Second hand,Second-hand,2.2,66,66
Viet Nam,Soviet Union,1979,?,60,?,MiG-21bis,fighter aircraft,60,?,1979; 1980; 1981,New,,12.5,750,750
Viet Nam,Soviet Union,1965,,15,?,MiG-21F-13,fighter aircraft,15,?,1965; 1966,New,Possibly second-hand; MiG-21F-13 version; possibly incl MiG-21U version; aid,9,135,135
Viet Nam,Soviet Union,1979,?,120,,MiG-21MF,fighter aircraft,120,?,1979; 1980; 1981,Second hand,Second-hand,4.28,513.6,513.6
Viet Nam,Soviet Union,1966,?,95,?,MiG-21PF,fighter aircraft,95,?,1966; 1967; 1968; 1969; 1970; 1971; 1972,New,Probably incl MiG-21PFM and some MiG-21US version; aid,9.75,926.25,926.25
Viet Nam,Soviet Union,1960,?,100,?,ML-20 152mm,towed gun,100,?,1960; 1961,Second hand,Second-hand,0.2,20,20
Viet Nam,Soviet Union,1964,?,40,,P-10,air search radar,40,?,1964; 1965; 1966; 1967; 1968; 1969,New,Possibly Second-hand; P-40 (Knife Rest-B) version,4,160,160
Viet Nam,Soviet Union,1962,?,6,?,P-10,air search radar,6,?,1963; 1964; 1965,Second hand,Probably Second-hand; P-8 (Knife Rest-A) version,1.6,9.6,9.6
Viet Nam,Soviet Union,1964,?,34,?,P-12,air search radar,34,?,1965; 1966; 1967; 1968; 1969; 1970,New,,4.5,153,153
Viet Nam,Soviet Union,1971,?,15,?,P-15,anti-ship missile,15,?,1972,New,For Project-183 (Komar) FAC,0.6,9,9
Viet Nam,Soviet Union,1964,?,40,?,P-15,air search radar,40,?,1965; 1966; 1967; 1968; 1969,New,Incl for use with SA-2 SAM systems,4.5,180,180
Viet Nam,Soviet Union,1979,?,60,?,P-15U,anti-ship missile,60,?,1979; 1980; 1981,New,For Project-205M (Osa-2) FAC,0.7,42,42
Viet Nam,Soviet Union,1979,?,25,?,P-35,anti-ship missile,25,?,1980,New,,1.45,36.25,36.25
Viet Nam,Soviet Union,1964,?,250,?,PM-43 120mm,mortar,250,?,1964; 1965; 1966; 1967; 1968,New,Possibly second-hand; aid,0.25,62.5,62.5
Viet Nam,Soviet Union,1960,?,12,,Project-123,FAC,12,,1961,Second hand,Second-hand; probably aid; Project-123K version,2.8,33.6,33.6
Viet Nam,Soviet Union,1987,,4,,Project-12650 Yakhont,minehunter,4,,1987; 1988; 1989; 1990,New,,45,180,180
Viet Nam,Soviet Union,1977,?,2,,Project-159,corvette,2,,1978,New,Petya-3 version; Vietnamese designation HQ-09,55,110,110
Viet Nam,Soviet Union,1983,?,3,,Project-159,corvette,3,,1983; 1984,Second hand,Second-hand; Vietnamese designation HQ-13,22,66,66
Viet Nam,Soviet Union,1966,?,6,?,Project-183,FAC,6,?,1967; 1972,Second hand,Second-hand,4,24,24
Viet Nam,Soviet Union,1971,?,3,,Project-183R,FAC,3,,1972,Second hand,Second-hand,6,18,18
Viet Nam,Soviet Union,1979,?,8,,Project-205,FAC,8,,1979; 1980; 1981,Second hand,Second-hand; Osa-2 version,17,136,136
Viet Nam,Soviet Union,1979,?,14,,Project-206 Shtorm,FAC,14,,1979; 1980; 1983,Second hand,Second-hand,9,126,126
Viet Nam,Soviet Union,1972,?,2,,Project-206 Shtorm,FAC,2,,1973,Second hand,Second-hand,9,18,18
Viet Nam,Soviet Union,1983,?,5,,Project-206M Shtorm,FAC,5,,1984; 1986,New,,25,125,125
Viet Nam,Soviet Union,1979,,2,,Project-266 Rubin,minesweeper,2,,1979,Second hand,Second-hand,10,20,20
Viet Nam,Soviet Union,1989,?,2,,Project-368,patrol craft,2,,1990,Second hand,Second-hand,1.52,3.04,3.04
Viet Nam,Soviet Union,1979,?,3,,Project-771,landing ship,3,,1979; 1980,Second hand,Second-hand; Vietnamese designation HQ-511,8,24,24
Viet Nam,Soviet Union,1964,?,40,?,PRV-11,height-finding radar,40,?,1965; 1966; 1967; 1968; 1969,New,Incl for use with SA-2 SAM systems,4,160,160
Viet Nam,Soviet Union,1964,?,500,?,PT-76,light tank,500,?,1965; 1966; 1967; 1968; 1969; 1970; 1971; 1972; 1973,Second hand,Second-hand; aid,0.36,180,180
Viet Nam,Soviet Union,1980,?,25,?,R-17 Elbrus,SSM,25,?,1981,New,,1.25,31.25,31.25
Viet Nam,Soviet Union,1978,?,400,?,R-60,SRAAM,400,?,1979; 1980; 1981,New,For MiG-21bis combat aircraft,0.09,36,36
Viet Nam,Soviet Union,1979,?,1,?,Redut,coastal defence system,1,?,1980,New,,15,15,15
Viet Nam,Soviet Union,1978,?,10,?,S-125 Pechora,SAM system,10,?,1979,New,,17.5,175,175
Viet Nam,Soviet Union,1971,?,20,?,S-125 Pechora,SAM system,20,?,1972; 1973,New,,17.5,350,350
Viet Nam,Soviet Union,1983,?,10,?,S-125 Pechora,SAM system,10,?,1983,New,,17.5,175,175
Viet Nam,Soviet Union,1965,,65,?,S-75 Dvina,SAM system,65,?,1965; 1966; 1967; 1968,New,,17.87,1161.55,1161.55
Viet Nam,Soviet Union,1969,?,30,?,S-75M Volga,SAM system,30,?,1969; 1970; 1971; 1972,New,,18.5,555,555
Viet Nam,Soviet Union,1979,?,8,,SO-1,patrol craft,8,,1980; 1981; 1983,Second hand,Second-hand,6,48,48
Viet Nam,Soviet Union,1960,?,4,,SO-1,patrol craft,4,,1960; 1961; 1964; 1965,New,Possibly Second-hand,15,60,60
Viet Nam,Soviet Union,1965,?,10,?,SON-30,fire control radar,10,?,1966; 1967,Second hand,Probably second-hand; for use with KS-30 130mm AA guns,0.2,2,2
Viet Nam,Soviet Union,1961,?,750,?,SON-9,fire control radar,750,?,1962; 1963; 1964; 1965; 1966; 1967; 1968; 1969; 1970,New,For use with S-60 57mm; M-1939 85mm and KS-19 100mm AA guns,0.6,450,450
Viet Nam,Soviet Union,1985,?,20,?,Strela-10,mobile SAM system,20,?,1985; 1986,New,,1.25,25,25
Viet Nam,Soviet Union,1971,?,5000,?,Strela-2,portable SAM,5000,?,1971; 1972; 1973; 1974; 1975,New,,0.04,200,200
Viet Nam,Soviet Union,1962,?,100,?,SU-100,tank destroyer,100,?,1962; 1963; 1964; 1965,Second hand,Second-hand,0.4,40,40
Viet Nam,Soviet Union,1980,?,70,?,Su-22,FGA aircraft,70,?,1981; 1982; 1983; 1984,New,Incl Su-22M-3R reconnaissance and Su-22UM version,13,910,910
Viet Nam,Soviet Union,1970,?,30,,Su-7B,FGA aircraft,30,?,1970; 1971,New,,6.25,187.5,187.5
Viet Nam,Soviet Union,1960,?,50,?,SU-85,self-propelled gun,50,?,1960; 1961,Second hand,Second-hand; probably aid,0.28,14,14
Viet Nam,Soviet Union,1959,?,300,?,T-34-85,tank,300,?,1959; 1960,Second hand,Second-hand,0.38,114,114
Viet Nam,Soviet Union,1969,?,500,?,T-54,tank,500,?,1970; 1971; 1972,Second hand,Second-hand; aid (incl for use in war in South Vietnam),0.44,220,220
Viet Nam,Soviet Union,1973,?,600,?,T-55,tank,600,?,1973; 1974; 1975,New,Aid,1.25,750,750
Viet Nam,Soviet Union,1978,?,200,?,T-62,tank,200,?,1978; 1979,Second hand,Probably second-hand (but possibly new produced from Czechoslovakian production line); aid,0.72,144,144
Viet Nam,Soviet Union,1978,?,350,?,V-601,SAM,350,?,1979,New,,0.12,42,42
Viet Nam,Soviet Union,1971,?,700,?,V-601,SAM,700,?,1972; 1973,New,,0.12,84,84
Viet Nam,Soviet Union,1982,?,350,?,V-601,SAM,350,?,1983,New,,0.12,42,42
Viet Nam,Soviet Union,1965,,5000,?,V-750,SAM,5000,?,1965; 1966; 1967; 1968; 1969,New,,0.12,600,600
Viet Nam,Soviet Union,1969,?,5000,?,V-750,SAM,5000,?,1970; 1971; 1972; 1973; 1974,New,,0.12,600,600
Viet Nam,Soviet Union,1960,?,30,?,Yak-18A,trainer aircraft,30,?,1961; 1962; 1963,New,Possibly Second-hand,0.19,5.7,5.7
Viet Nam,Soviet Union,1972,?,150,?,ZSU-23-4 Shilka,self-propelled AA gun,150,?,1972; 1973; 1974; 1975,New,,7,1050,1050
Viet Nam,Soviet Union,1971,?,150,?,ZSU-57-2,self-propelled AA gun,150,?,1971; 1972; 1973; 1974,Second hand,Second-hand,0.48,72,72
Viet Nam,unknown supplier(s),2016,?,10,?,Guardian,APC,10,?,2016,New,,0.18,1.8,1.8
Viet Minh (France)*,China,1953,?,5,?,IS-2,tank,5,?,1954,Second hand,Second-hand,0.5,2.5,2.5
Viet Cong (South Vietnam)*,Soviet Union,1971,?,1000,?,Strela-2,portable SAM,1000,?,1971; 1972; 1973; 1974,New,Delivered via North Vietnam,0.04,40,40
Viet Cong (South Vietnam)*,Viet Nam,1972,?,1,,Type-63 37mm,self-propelled AA gun,1,,1972,Second hand,Second-hand,0.28,0.28,0.28